mes,anio,mes_anio,colonia,consumo,rezago,total,consec_mes
ago,2012,ago/2012,ACHOTA,20812.6,0,20812.6,201208
ago,2012,ago/2012,BENITO JUAREZ,5079.72,0,5079.72,201208
ago,2012,ago/2012,CAPOMAL,3007.04,0,3007.04,201208
ago,2012,ago/2012,CENTRO,89810.36,0,89810.36,201208
ago,2012,ago/2012,CERRO,18352.76,0,18352.76,201208
ago,2012,ago/2012,EMILIO M. GONZALEZ,1635.6,0,1635.6,201208
ago,2012,ago/2012,GUAYABAL,0,0,0,201208
ago,2012,ago/2012,LA LADRILLERA,1269.96,0,1269.96,201208
ago,2012,ago/2012,LA REDONDA,12839.92,0,12839.92,201208
ago,2012,ago/2012,LINDAVISTA,5272.2,0,5272.2,201208
ago,2012,ago/2012,RASTRO,15443.6,0,15443.6,201208
ago,2012,ago/2012,REY NAYAR,11833.92,0,11833.92,201208
ago,2012,ago/2012,SAN ANTONIO,18842.68,0,18842.68,201208
ago,2012,ago/2012,TALPITA,19896.34,0,19896.34,201208
ago,2012,ago/2012,TIJUANITA,0,0,0,201208
ago,2012,ago/2012,TIRO AL BLANCO,3506.16,0,3506.16,201208
ago,2012,ago/2012,UNIDAD DEPORTIVA,1751.4,0,1751.4,201208
sep,2012,sep/2012,ACHOTA,1775,17401.35,19176.35,201209
sep,2012,sep/2012,BENITO JUAREZ,377,1514,1891,201209
sep,2012,sep/2012,CAPOMAL,187,43,230,201209
sep,2012,sep/2012,CENTRO,5279,15668,20947,201209
sep,2012,sep/2012,CERRO,391,2437,2828,201209
sep,2012,sep/2012,EMILIO M. GONZALEZ,0,0,0,201209
sep,2012,sep/2012,GUAYABAL,58,928,986,201209
sep,2012,sep/2012,LA LADRILLERA,232,2262,2494,201209
sep,2012,sep/2012,LA REDONDA,665,7554,8219,201209
sep,2012,sep/2012,LINDAVISTA,638,3596,4234,201209
sep,2012,sep/2012,RASTRO,1695,2029,3724,201209
sep,2012,sep/2012,REY NAYAR,476,7676.8,8152.8,201209
sep,2012,sep/2012,SAN ANTONIO,2117,16017,18134,201209
sep,2012,sep/2012,TALPITA,580,6362,6942,201209
sep,2012,sep/2012,TIJUANITA,0,0,0,201209
sep,2012,sep/2012,TIRO AL BLANCO,29,203,232,201209
sep,2012,sep/2012,UNIDAD DEPORTIVA,116,3406.4,3522.4,201209
oct,2012,oct/2012,ACHOTA,2051,25747,27798,201210
oct,2012,oct/2012,BENITO JUAREZ,87,58,145,201210
oct,2012,oct/2012,CAPOMAL,86,0,86,201210
oct,2012,oct/2012,CENTRO,2502,19801,22303,201210
oct,2012,oct/2012,CERRO,1633,9573,11206,201210
oct,2012,oct/2012,EMILIO M. GONZALEZ,58,2664,2722,201210
oct,2012,oct/2012,GUAYABAL,0,0,0,201210
oct,2012,oct/2012,LA LADRILLERA,58,2190,2248,201210
oct,2012,oct/2012,LA REDONDA,955,9486,10441,201210
oct,2012,oct/2012,LINDAVISTA,551,6853.5,7404.5,201210
oct,2012,oct/2012,RASTRO,637,6242,6879,201210
oct,2012,oct/2012,REY NAYAR,1723,11759.5,13482.5,201210
oct,2012,oct/2012,SAN ANTONIO,928,8800,9728,201210
oct,2012,oct/2012,TALPITA,999,5810,6809,201210
oct,2012,oct/2012,TIJUANITA,0,0,0,201210
oct,2012,oct/2012,TIRO AL BLANCO,725,4597,5322,201210
oct,2012,oct/2012,UNIDAD DEPORTIVA,406,2990,3396,201210
nov,2012,nov/2012,ACHOTA,1862,17209,19071,201211
nov,2012,nov/2012,BENITO JUAREZ,551,3441,3992,201211
nov,2012,nov/2012,CAPOMAL,290,1392,1682,201211
nov,2012,nov/2012,CENTRO,6061,28431,34492,201211
nov,2012,nov/2012,CERRO,1579,15433,17012,201211
nov,2012,nov/2012,EMILIO M. GONZALEZ,156,468,624,201211
nov,2012,nov/2012,GUAYABAL,58,1334,1392,201211
nov,2012,nov/2012,LA LADRILLERA,215,43,258,201211
nov,2012,nov/2012,LA REDONDA,1347,15384,16731,201211
nov,2012,nov/2012,LINDAVISTA,551,2587.8,3138.8,201211
nov,2012,nov/2012,RASTRO,579,2509,3088,201211
nov,2012,nov/2012,REY NAYAR,983,8417,9400,201211
nov,2012,nov/2012,SAN ANTONIO,1115,8746,9861,201211
nov,2012,nov/2012,TALPITA,693,6327,7020,201211
nov,2012,nov/2012,TIJUANITA,0,0,0,201211
nov,2012,nov/2012,TIRO AL BLANCO,696,2175,2871,201211
nov,2012,nov/2012,UNIDAD DEPORTIVA,551,6865.25,7416.25,201211
dic,2012,dic/2012,ACHOTA,5440,15645,21085,201212
dic,2012,dic/2012,BENITO JUAREZ,678,2958,3636,201212
dic,2012,dic/2012,CAPOMAL,406,2872,3278,201212
dic,2012,dic/2012,CENTRO,29220,45317,74537,201212
dic,2012,dic/2012,CERRO,6665,29554,36219,201212
dic,2012,dic/2012,EMILIO M. GONZALEZ,1258,264,1522,201212
dic,2012,dic/2012,GUAYABAL,0,0,0,201212
dic,2012,dic/2012,LA LADRILLERA,362,4316,4678,201212
dic,2012,dic/2012,LA REDONDA,868,7655,8523,201212
dic,2012,dic/2012,LINDAVISTA,6268,8225,14493,201212
dic,2012,dic/2012,RASTRO,683,4171,4854,201212
dic,2012,dic/2012,REY NAYAR,2844,5094,7938,201212
dic,2012,dic/2012,SAN ANTONIO,1870,5255.5,7125.5,201212
dic,2012,dic/2012,TALPITA,2536,11396.1,13932.1,201212
dic,2012,dic/2012,TIJUANITA,0,0,0,201212
dic,2012,dic/2012,TIRO AL BLANCO,2980,3069,6049,201212
dic,2012,dic/2012,UNIDAD DEPORTIVA,491,1899,2390,201212
ene,2013,ene/2013,ACHOTA,54042.8,21983.6,76026.4,201301
ene,2013,ene/2013,BENITO JUAREZ,7206.6,8003,15209.6,201301
ene,2013,ene/2013,CAPOMAL,9696.6,4376,14072.6,201301
ene,2013,ene/2013,CENTRO,143228.8,42064,185292.8,201301
ene,2013,ene/2013,CERRO,33141,21651,54792,201301
ene,2013,ene/2013,EMILIO M. GONZALEZ,3263.4,174,3437.4,201301
ene,2013,ene/2013,GUAYABAL,803,2262,3065,201301
ene,2013,ene/2013,LA LADRILLERA,1210,3703,4913,201301
ene,2013,ene/2013,LA REDONDA,17503.2,8904,26407.2,201301
ene,2013,ene/2013,LINDAVISTA,10755.8,11553,22308.8,201301
ene,2013,ene/2013,RASTRO,16162.64,7370,23532.64,201301
ene,2013,ene/2013,REY NAYAR,24696.2,17407,42103.2,201301
ene,2013,ene/2013,SAN ANTONIO,34383,18182,52565,201301
ene,2013,ene/2013,TALPITA,26287.16,20900,47187.16,201301
ene,2013,ene/2013,TIJUANITA,0,0,0,201301
ene,2013,ene/2013,TIRO AL BLANCO,6435.6,7173,13608.6,201301
ene,2013,ene/2013,UNIDAD DEPORTIVA,4599.4,2169,6768.4,201301
feb,2013,feb/2013,ACHOTA,12300,14997,27297,201302
feb,2013,feb/2013,BENITO JUAREZ,860,1820,2680,201302
feb,2013,feb/2013,CAPOMAL,1650,658,2308,201302
feb,2013,feb/2013,CENTRO,27625,19979,47604,201302
feb,2013,feb/2013,CERRO,8110,15243,23353,201302
feb,2013,feb/2013,EMILIO M. GONZALEZ,385,35,420,201302
feb,2013,feb/2013,GUAYABAL,65,123,188,201302
feb,2013,feb/2013,LA LADRILLERA,55,55,110,201302
feb,2013,feb/2013,LA REDONDA,3175,3204,6379,201302
feb,2013,feb/2013,LINDAVISTA,1275,1760,3035,201302
feb,2013,feb/2013,RASTRO,7210,2998,10208,201302
feb,2013,feb/2013,REY NAYAR,3055,1963,5018,201302
feb,2013,feb/2013,SAN ANTONIO,5155,1833,6988,201302
feb,2013,feb/2013,TALPITA,9975,12355,22330,201302
feb,2013,feb/2013,TIJUANITA,0,0,0,201302
feb,2013,feb/2013,TIRO AL BLANCO,875,6990.5,7865.5,201302
feb,2013,feb/2013,UNIDAD DEPORTIVA,310,368,678,201302
mar,2013,mar/2013,ACHOTA,3305,6736,10041,201303
mar,2013,mar/2013,BENITO JUAREZ,520,4068,4588,201303
mar,2013,mar/2013,CAPOMAL,930,1202,2132,201303
mar,2013,mar/2013,CENTRO,10015,26817,36832,201303
mar,2013,mar/2013,CERRO,3065,2263,5328,201303
mar,2013,mar/2013,EMILIO M. GONZALEZ,0,0,0,201303
mar,2013,mar/2013,GUAYABAL,0,0,0,201303
mar,2013,mar/2013,LA LADRILLERA,0,130,130,201303
mar,2013,mar/2013,LA REDONDA,1205,2346,3551,201303
mar,2013,mar/2013,LINDAVISTA,565,1653,2218,201303
mar,2013,mar/2013,RASTRO,640,518,1158,201303
mar,2013,mar/2013,REY NAYAR,3600,6948.5,10548.5,201303
mar,2013,mar/2013,SAN ANTONIO,2680,7488,10168,201303
mar,2013,mar/2013,TALPITA,3515,7118,10633,201303
mar,2013,mar/2013,TIJUANITA,0,0,0,201303
mar,2013,mar/2013,TIRO AL BLANCO,55,154,209,201303
mar,2013,mar/2013,UNIDAD DEPORTIVA,845,410,1255,201303
abr,2013,abr/2013,ACHOTA,2990,11478,14468,201304
abr,2013,abr/2013,BENITO JUAREZ,1300,7114,8414,201304
abr,2013,abr/2013,CAPOMAL,230,395,625,201304
abr,2013,abr/2013,CENTRO,11705,39671,51376,201304
abr,2013,abr/2013,CERRO,1945,9079.6,11024.6,201304
abr,2013,abr/2013,EMILIO M. GONZALEZ,315,105,420,201304
abr,2013,abr/2013,GUAYABAL,0,0,0,201304
abr,2013,abr/2013,LA LADRILLERA,1660,920,2580,201304
abr,2013,abr/2013,LA REDONDA,1965,3318,5283,201304
abr,2013,abr/2013,LINDAVISTA,1000,3380,4380,201304
abr,2013,abr/2013,RASTRO,1920,2089,4009,201304
abr,2013,abr/2013,REY NAYAR,2815,7899,10714,201304
abr,2013,abr/2013,SAN ANTONIO,3280,6058,9338,201304
abr,2013,abr/2013,TALPITA,1835,2951,4786,201304
abr,2013,abr/2013,TIJUANITA,0,0,0,201304
abr,2013,abr/2013,TIRO AL BLANCO,800,794,1594,201304
abr,2013,abr/2013,UNIDAD DEPORTIVA,420,1548,1968,201304
may,2013,may/2013,ACHOTA,1325,4037,5362,201305
may,2013,may/2013,BENITO JUAREZ,460,2980,3440,201305
may,2013,may/2013,CAPOMAL,155,1041,1196,201305
may,2013,may/2013,CENTRO,5245,17142,22387,201305
may,2013,may/2013,CERRO,1230,6204,7434,201305
may,2013,may/2013,EMILIO M. GONZALEZ,0,0,0,201305
may,2013,may/2013,GUAYABAL,0,296,296,201305
may,2013,may/2013,LA LADRILLERA,1110,3964.5,5074.5,201305
may,2013,may/2013,LA REDONDA,1195,3537,4732,201305
may,2013,may/2013,LINDAVISTA,495,3253,3748,201305
may,2013,may/2013,RASTRO,455,4143,4598,201305
may,2013,may/2013,REY NAYAR,1945,4869,6814,201305
may,2013,may/2013,SAN ANTONIO,1015,3238,4253,201305
may,2013,may/2013,TALPITA,4110,6998,11108,201305
may,2013,may/2013,TIJUANITA,0,0,0,201305
may,2013,may/2013,TIRO AL BLANCO,200,1216,1416,201305
may,2013,may/2013,UNIDAD DEPORTIVA,935,9778,10713,201305
jun,2013,jun/2013,ACHOTA,2870,10321,13191,201306
jun,2013,jun/2013,BENITO JUAREZ,305,636,941,201306
jun,2013,jun/2013,CAPOMAL,155,240,395,201306
jun,2013,jun/2013,CENTRO,4015,25584,29599,201306
jun,2013,jun/2013,CERRO,2275,19104,21379,201306
jun,2013,jun/2013,EMILIO M. GONZALEZ,65,325,390,201306
jun,2013,jun/2013,GUAYABAL,65,260,325,201306
jun,2013,jun/2013,LA LADRILLERA,200,225,425,201306
jun,2013,jun/2013,LA REDONDA,1010,5694,6704,201306
jun,2013,jun/2013,LINDAVISTA,925,4021,4946,201306
jun,2013,jun/2013,RASTRO,740,9205,9945,201306
jun,2013,jun/2013,REY NAYAR,1290,10023,11313,201306
jun,2013,jun/2013,SAN ANTONIO,485,1387,1872,201306
jun,2013,jun/2013,TALPITA,960,2980,3940,201306
jun,2013,jun/2013,TIJUANITA,0,0,0,201306
jun,2013,jun/2013,TIRO AL BLANCO,1025,2460,3485,201306
jun,2013,jun/2013,UNIDAD DEPORTIVA,545,6893,7438,201306
jul,2013,jul/2013,ACHOTA,2350,7011,9361,201307
jul,2013,jul/2013,BENITO JUAREZ,325,6973,7298,201307
jul,2013,jul/2013,CAPOMAL,230,260,490,201307
jul,2013,jul/2013,CENTRO,10910,32177,43087,201307
jul,2013,jul/2013,CERRO,2565,12248,14813,201307
jul,2013,jul/2013,EMILIO M. GONZALEZ,0,0,0,201307
jul,2013,jul/2013,GUAYABAL,0,0,0,201307
jul,2013,jul/2013,LA LADRILLERA,220,646,866,201307
jul,2013,jul/2013,LA REDONDA,565,3948,4513,201307
jul,2013,jul/2013,LINDAVISTA,230,2735,2965,201307
jul,2013,jul/2013,RASTRO,905,4576,5481,201307
jul,2013,jul/2013,REY NAYAR,1000,3410,4410,201307
jul,2013,jul/2013,SAN ANTONIO,570,2836,3406,201307
jul,2013,jul/2013,TALPITA,380,1618,1998,201307
jul,2013,jul/2013,TIJUANITA,0,350,350,201307
jul,2013,jul/2013,TIRO AL BLANCO,230,2316,2546,201307
jul,2013,jul/2013,UNIDAD DEPORTIVA,775,3508,4283,201307
ago,2013,ago/2013,ACHOTA,1790,7048,8838,201308
ago,2013,ago/2013,BENITO JUAREZ,265,735,1000,201308
ago,2013,ago/2013,CAPOMAL,100,940,1040,201308
ago,2013,ago/2013,CENTRO,1545,6024,7569,201308
ago,2013,ago/2013,CERRO,630,3181,3811,201308
ago,2013,ago/2013,EMILIO M. GONZALEZ,0,0,0,201308
ago,2013,ago/2013,GUAYABAL,0,0,0,201308
ago,2013,ago/2013,LA LADRILLERA,100,911,1011,201308
ago,2013,ago/2013,LA REDONDA,465,355,820,201308
ago,2013,ago/2013,LINDAVISTA,365,860,1225,201308
ago,2013,ago/2013,RASTRO,1070,1454,2524,201308
ago,2013,ago/2013,REY NAYAR,705,2532,3237,201308
ago,2013,ago/2013,SAN ANTONIO,425,3924,4349,201308
ago,2013,ago/2013,TALPITA,680,5040,5720,201308
ago,2013,ago/2013,TIJUANITA,0,0,0,201308
ago,2013,ago/2013,TIRO AL BLANCO,350,1348,1698,201308
ago,2013,ago/2013,UNIDAD DEPORTIVA,310,180,490,201308
sep,2013,sep/2013,ACHOTA,955,2690,3645,201309
sep,2013,sep/2013,BENITO JUAREZ,270,5208,5478,201309
sep,2013,sep/2013,CAPOMAL,255,2302,2557,201309
sep,2013,sep/2013,CENTRO,2540,5796,8336,201309
sep,2013,sep/2013,CERRO,950,2319,3269,201309
sep,2013,sep/2013,EMILIO M. GONZALEZ,0,181,181,201309
sep,2013,sep/2013,GUAYABAL,0,0,0,201309
sep,2013,sep/2013,LA LADRILLERA,100,299,399,201309
sep,2013,sep/2013,LA REDONDA,455,2397,2852,201309
sep,2013,sep/2013,LINDAVISTA,330,1495,1825,201309
sep,2013,sep/2013,RASTRO,680,1256,1936,201309
sep,2013,sep/2013,REY NAYAR,455,1822,2277,201309
sep,2013,sep/2013,SAN ANTONIO,230,5350,5580,201309
sep,2013,sep/2013,TALPITA,585,4613,5198,201309
sept,2013,sept/2013,TIJUANITA,0,663,663,201309
sep,2013,sep/2013,TIRO AL BLANCO,285,2058,2343,201309
sep,2013,sep/2013,UNIDAD DEPORTIVA,285,806,1091,201309
oct,2013,oct/2013,ACHOTA,1450,7229.15,8679.15,201310
oct,2013,oct/2013,BENITO JUAREZ,505,6264,6769,201310
oct,2013,oct/2013,CAPOMAL,160,608,768,201310
oct,2013,oct/2013,CENTRO,2340,22954,25294,201310
oct,2013,oct/2013,CERRO,1455,5377,6832,201310
oct,2013,oct/2013,EMILIO M. GONZALEZ,130,3139,3269,201310
oct,2013,oct/2013,GUAYABAL,130,325,455,201310
oct,2013,oct/2013,LA LADRILLERA,0,155,155,201310
oct,2013,oct/2013,LA REDONDA,565,1357,1922,201310
oct,2013,oct/2013,LINDAVISTA,275,1593,1868,201310
oct,2013,oct/2013,RASTRO,90,544,634,201310
oct,2013,oct/2013,REY NAYAR,290,3027,3317,201310
oct,2013,oct/2013,SAN ANTONIO,480,2519,2999,201310
oct,2013,oct/2013,TALPITA,940,8149.5,9089.5,201310
oct,2013,oct/2013,TIJUANITA,5620,7860,13480,201310
oct,2013,oct/2013,TIRO AL BLANCO,335,1084,1419,201310
oct,2013,oct/2013,UNIDAD DEPORTIVA,265,2412.5,2677.5,201310
nov,2013,nov/2013,ACHOTA,1115,7208,8323,201311
nov,2013,nov/2013,BENITO JUAREZ,505,6909,7414,201311
nov,2013,nov/2013,CAPOMAL,335,1045,1380,201311
nov,2013,nov/2013,CENTRO,2765,23839,26604,201311
nov,2013,nov/2013,CERRO,990,8577,9567,201311
nov,2013,nov/2013,EMILIO M. GONZALEZ,0,0,0,201311
nov,2013,nov/2013,GUAYABAL,0,0,0,201311
nov,2013,nov/2013,LA LADRILLERA,120,920,1040,201311
nov,2013,nov/2013,LA REDONDA,1130,8319,9449,201311
nov,2013,nov/2013,LINDAVISTA,230,5060.5,5290.5,201311
nov,2013,nov/2013,RASTRO,505,1788,2293,201311
nov,2013,nov/2013,REY NAYAR,470,9874,10344,201311
nov,2013,nov/2013,SAN ANTONIO,575,12635,13210,201311
nov,2013,nov/2013,TALPITA,475,5579,6054,201311
nov,2013,nov/2013,TIJUANITA,6880,13770,20650,201311
nov,2013,nov/2013,TIRO AL BLANCO,680,3035,3715,201311
nov,2013,nov/2013,UNIDAD DEPORTIVA,375,1801,2176,201311
dic,2013,dic/2013,ACHOTA,7565,51940,59505,201312
dic,2013,dic/2013,BENITO JUAREZ,1510,9444,10954,201312
dic,2013,dic/2013,CAPOMAL,840,13991.8,14831.8,201312
dic,2013,dic/2013,CENTRO,16390,83555.5,99945.5,201312
dic,2013,dic/2013,CERRO,6690,64449,71139,201312
dic,2013,dic/2013,EMILIO M. GONZALEZ,640,3464,4104,201312
dic,2013,dic/2013,GUAYABAL,260,4834,5094,201312
dic,2013,dic/2013,LA LADRILLERA,990,11180.5,12170.5,201312
dic,2013,dic/2013,LA REDONDA,4175,35327.5,39502.5,201312
dic,2013,dic/2013,LINDAVISTA,4555,22522,27077,201312
dic,2013,dic/2013,RASTRO,4660,27789.2,32449.2,201312
dic,2013,dic/2013,REY NAYAR,7770,47497.5,55267.5,201312
dic,2013,dic/2013,SAN ANTONIO,4210,33725.5,37935.5,201312
dic,2013,dic/2013,TALPITA,4055,36577,40632,201312
dic,2013,dic/2013,TIJUANITA,11830,24520,36350,201312
dic,2013,dic/2013,TIRO AL BLANCO,1445,21366,22811,201312
dic,2013,dic/2013,UNIDAD DEPORTIVA,2660,11286.5,13946.5,201312
ene,2014,ene/2014,ACHOTA,31435,40299,71734,201401
ene,2014,ene/2014,BENITO JUAREZ,3280,7698,10978,201401
ene,2014,ene/2014,CAPOMAL,3470,8128,11598,201401
ene,2014,ene/2014,CENTRO,107250,84759,192009,201401
ene,2014,ene/2014,CERRO,28595,41352,69947,201401
ene,2014,ene/2014,EMILIO M. GONZALEZ,3515,3969,7484,201401
ene,2014,ene/2014,GUAYABAL,1075,4587,5662,201401
ene,2014,ene/2014,LA LADRILLERA,760,2066,2826,201401
ene,2014,ene/2014,LA REDONDA,11190,17194,28384,201401
ene,2014,ene/2014,LINDAVISTA,8870,16398,25268,201401
ene,2014,ene/2014,RASTRO,11045,7729,18774,201401
ene,2014,ene/2014,REY NAYAR,10740,14017,24757,201401
ene,2014,ene/2014,SAN ANTONIO,14825,10066,24891,201401
ene,2014,ene/2014,TALPITA,17950,17377,35327,201401
ene,2014,ene/2014,TIJUANITA,27175,18652,45827,201401
ene,2014,ene/2014,TIRO AL BLANCO,4540,14521.5,19061.5,201401
ene,2014,ene/2014,UNIDAD DEPORTIVA,1415,10241,11656,201401
feb,2014,feb/2014,ACHOTA,7955,6496,14451,201402
feb,2014,feb/2014,BENITO JUAREZ,1405,1536,2941,201402
feb,2014,feb/2014,CAPOMAL,860,808,1668,201402
feb,2014,feb/2014,CENTRO,27125,23085.5,50210.5,201402
feb,2014,feb/2014,CERRO,2095,1359,3454,201402
feb,2014,feb/2014,EMILIO M. GONZALEZ,0,0,0,201402
feb,2014,feb/2014,GUAYABAL,0,0,0,201402
feb,2014,feb/2014,LA LADRILLERA,160,547,707,201402
feb,2014,feb/2014,LA REDONDA,5445,3352,8797,201402
feb,2014,feb/2014,LINDAVISTA,755,3363,4118,201402
feb,2014,feb/2014,RASTRO,4920,1366.5,6286.5,201402
feb,2014,feb/2014,REY NAYAR,3990,2260,6250,201402
feb,2014,feb/2014,SAN ANTONIO,4240,5488,9728,201402
feb,2014,feb/2014,TALPITA,10510,11399.5,21909.5,201402
feb,2014,feb/2014,TIJUANITA,7260,7480,14740,201402
feb,2014,feb/2014,TIRO AL BLANCO,1405,135,1540,201402
feb,2014,feb/2014,UNIDAD DEPORTIVA,740,310,1050,201402
mar,2014,mar/2014,ACHOTA,3400,8798,12198,201403
mar,2014,mar/2014,BENITO JUAREZ,585,1835,2420,201403
mar,2014,mar/2014,CAPOMAL,2525,1040,3565,201403
mar,2014,mar/2014,CENTRO,12755,12797.8,25552.8,201403
mar,2014,mar/2014,CERRO,1670,2500.5,4170.5,201403
mar,2014,mar/2014,EMILIO M. GONZALEZ,545,4984.5,5529.5,201403
mar,2014,mar/2014,GUAYABAL,0,0,0,201403
mar,2014,mar/2014,LA LADRILLERA,0,110,110,201403
mar,2014,mar/2014,LA REDONDA,660,1804,2464,201403
mar,2014,mar/2014,LINDAVISTA,1445,635,2080,201403
mar,2014,mar/2014,RASTRO,1370,6783,8153,201403
mar,2014,mar/2014,REY NAYAR,670,3737,4407,201403
mar,2014,mar/2014,SAN ANTONIO,8295,10649,18944,201403
mar,2014,mar/2014,TALPITA,1425,11347,12772,201403
mar,2014,mar/2014,TIJUANITA,9295,11810,21105,201403
mar,2014,mar/2014,TIRO AL BLANCO,635,1055,1690,201403
mar,2014,mar/2014,UNIDAD DEPORTIVA,545,1519,2064,201403
abr,2014,abr/2014,ACHOTA,3480,7252,10732,201404
abr,2014,abr/2014,BENITO JUAREZ,355,1155,1510,201404
abr,2014,abr/2014,CAPOMAL,855,1425,2280,201404
abr,2014,abr/2014,CENTRO,12280,12836,25116,201404
abr,2014,abr/2014,CERRO,2425,13686,16111,201404
abr,2014,abr/2014,EMILIO M. GONZALEZ,0,0,0,201404
abr,2014,abr/2014,GUAYABAL,0,0,0,201404
abr,2014,abr/2014,LA LADRILLERA,55,110,165,201404
abr,2014,abr/2014,LA REDONDA,850,690,1540,201404
abr,2014,abr/2014,LINDAVISTA,220,725,945,201404
abr,2014,abr/2014,RASTRO,3090,3965,7055,201404
abr,2014,abr/2014,REY NAYAR,1485,22917,24402,201404
abr,2014,abr/2014,SAN ANTONIO,1695,6503,8198,201404
abr,2014,abr/2014,TALPITA,5755,3831,9586,201404
abr,2014,abr/2014,TIJUANITA,8155,10525,18680,201404
abr,2014,abr/2014,TIRO AL BLANCO,815,6080,6895,201404
abr,2014,abr/2014,UNIDAD DEPORTIVA,1455,4147,5602,201404
may,2014,may/2014,ACHOTA,3435,13501,16936,201405
may,2014,may/2014,BENITO JUAREZ,405,7504,7909,201405
may,2014,may/2014,CAPOMAL,265,4192,4457,201405
may,2014,may/2014,CENTRO,7025,23382,30407,201405
may,2014,may/2014,CERRO,2630,28429,31059,201405
may,2014,may/2014,EMILIO M. GONZALEZ,0,0,0,201405
may,2014,may/2014,GUAYABAL,0,0,0,201405
may,2014,may/2014,LA LADRILLERA,375,2541,2916,201405
may,2014,may/2014,LA REDONDA,1035,2575,3610,201405
may,2014,may/2014,LINDAVISTA,3110,11575.5,14685.5,201405
may,2014,may/2014,RASTRO,500,2213,2713,201405
may,2014,may/2014,REY NAYAR,2135,9649,11784,201405
may,2014,may/2014,SAN ANTONIO,335,1474,1809,201405
may,2014,may/2014,TALPITA,2475,6173,8648,201405
may,2014,may/2014,TIJUANITA,6085,13075,19160,201405
may,2014,may/2014,TIRO AL BLANCO,975,5579,6554,201405
may,2014,may/2014,UNIDAD DEPORTIVA,405,1124,1529,201405
jun,2014,jun/2014,ACHOTA,940,6219,7159,201406
jun,2014,jun/2014,BENITO JUAREZ,375,1052,1427,201406
jun,2014,jun/2014,CAPOMAL,165,1488,1653,201406
jun,2014,jun/2014,CENTRO,1620,11168,12788,201406
jun,2014,jun/2014,CERRO,1285,18243,19528,201406
jun,2014,jun/2014,EMILIO M. GONZALEZ,260,1736,1996,201406
jun,2014,jun/2014,GUAYABAL,65,195,260,201406
jun,2014,jun/2014,LA LADRILLERA,110,220,330,201406
jun,2014,jun/2014,LA REDONDA,670,905,1575,201406
jun,2014,jun/2014,LINDAVISTA,130,850,980,201406
jun,2014,jun/2014,RASTRO,790,1525,2315,201406
jun,2014,jun/2014,REY NAYAR,925,5874,6799,201406
jun,2014,jun/2014,SAN ANTONIO,865,7199,8064,201406
jun,2014,jun/2014,TALPITA,875,8064,8939,201406
jun,2014,jun/2014,TIJUANITA,4980,10870,15850,201406
jun,2014,jun/2014,TIRO AL BLANCO,100,698,798,201406
jun,2014,jun/2014,UNIDAD DEPORTIVA,475,1045,1520,201406
jul,2014,jul/2014,ACHOTA,1365,16988,18353,201407
jul,2014,jul/2014,BENITO JUAREZ,0,0,0,201407
jul,2014,jul/2014,CAPOMAL,35,0,35,201407
jul,2014,jul/2014,CENTRO,1175,20588,21763,201407
jul,2014,jul/2014,CERRO,545,10488,11033,201407
jul,2014,jul/2014,EMILIO M. GONZALEZ,0,0,0,201407
jul,2014,jul/2014,GUAYABAL,55,2091,2146,201407
jul,2014,jul/2014,LA LADRILLERA,230,18085,18315,201407
jul,2014,jul/2014,LA REDONDA,120,1021,1141,201407
jul,2014,jul/2014,LINDAVISTA,0,565,565,201407
jul,2014,jul/2014,RASTRO,70,365,435,201407
jul,2014,jul/2014,REY NAYAR,530,25701,26231,201407
jul,2014,jul/2014,SAN ANTONIO,1175,19410,20585,201407
jul,2014,jul/2014,TALPITA,660,9369,10029,201407
jul,2014,jul/2014,TIJUANITA,2845,4792.5,7637.5,201407
jul,2014,jul/2014,TIRO AL BLANCO,165,930,1095,201407
jul,2014,jul/2014,UNIDAD DEPORTIVA,285,705,990,201407
ago,2014,ago/2014,ACHOTA,675,8225,8900,201408
ago,2014,ago/2014,BENITO JUAREZ,65,260,325,201408
ago,2014,ago/2014,CAPOMAL,210,245,455,201408
ago,2014,ago/2014,CENTRO,850,16106,16956,201408
ago,2014,ago/2014,CERRO,925,23786,24711,201408
ago,2014,ago/2014,EMILIO M. GONZALEZ,0,0,0,201408
ago,2014,ago/2014,GUAYABAL,0,0,0,201408
ago,2014,ago/2014,LA LADRILLERA,0,1072,1072,201408
ago,2014,ago/2014,LA REDONDA,605,11186,11791,201408
ago,2014,ago/2014,LINDAVISTA,130,395,525,201408
ago,2014,ago/2014,RASTRO,135,685,820,201408
ago,2014,ago/2014,REY NAYAR,825,16190,17015,201408
ago,2014,ago/2014,SAN ANTONIO,1420,12006,13426,201408
ago,2014,ago/2014,TALPITA,415,15140,15555,201408
ago,2014,ago/2014,TIJUANITA,2765,7570,10335,201408
ago,2014,ago/2014,TIRO AL BLANCO,375,13296,13671,201408
ago,2014,ago/2014,UNIDAD DEPORTIVA,420,10823,11243,201408
sep,2014,sep/2014,ACHOTA,1730,38984,40714,201409
sep,2014,sep/2014,BENITO JUAREZ,35,990,1025,201409
sep,2014,sep/2014,CAPOMAL,100,260,360,201409
sep,2014,sep/2014,CENTRO,3505,93904.3,97409.3,201409
sep,2014,sep/2014,CERRO,1555,42635.2,44190.2,201409
sep,2014,sep/2014,EMILIO M. GONZALEZ,65,5623,5688,201409
sep,2014,sep/2014,GUAYABAL,0,0,0,201409
sep,2014,sep/2014,LA LADRILLERA,290,11909,12199,201409
sep,2014,sep/2014,LA REDONDA,400,11755,12155,201409
sep,2014,sep/2014,LINDAVISTA,1270,17370,18640,201409
sep,2014,sep/2014,RASTRO,235,11531,11766,201409
sep,2014,sep/2014,REY NAYAR,1085,20776.5,21861.5,201409
sep,2014,sep/2014,SAN ANTONIO,1330,39622,40952,201409
sep,2014,sep/2014,TALPITA,1075,47511,48586,201409
sep,2014,sep/2014,TIJUANITA,1195,5090,6285,201409
sep,2014,sep/2014,TIRO AL BLANCO,435,12019,12454,201409
sep,2014,sep/2014,UNIDAD DEPORTIVA,360,12599,12959,201409
oct,2014,oct/2014,ACHOTA,550,4904.5,5454.5,201410
oct,2014,oct/2014,BENITO JUAREZ,70,2677,2747,201410
oct,2014,oct/2014,CAPOMAL,230,2280,2510,201410
oct,2014,oct/2014,CENTRO,2300,20123,22423,201410
oct,2014,oct/2014,CERRO,515,2303,2818,201410
oct,2014,oct/2014,EMILIO M. GONZALEZ,0,130,130,201410
oct,2014,oct/2014,GUAYABAL,0,130,130,201410
oct,2014,oct/2014,LA LADRILLERA,0,1313,1313,201410
oct,2014,oct/2014,LA REDONDA,390,5421,5811,201410
oct,2014,oct/2014,LINDAVISTA,0,2133.5,2133.5,201410
oct,2014,oct/2014,RASTRO,0,1401,1401,201410
oct,2014,oct/2014,REY NAYAR,490,5149,5639,201410
oct,2014,oct/2014,SAN ANTONIO,235,2375,2610,201410
oct,2014,oct/2014,TALPITA,305,3801,4106,201410
oct,2014,oct/2014,TIJUANITA,1660,9795,11455,201410
oct,2014,oct/2014,TIRO AL BLANCO,65,1008,1073,201410
oct,2014,oct/2014,UNIDAD DEPORTIVA,190,670,860,201410
nov,2014,nov/2014,ACHOTA,945,3898.5,4843.5,201411
nov,2014,nov/2014,BENITO JUAREZ,0,930,930,201411
nov,2014,nov/2014,CAPOMAL,35,88,123,201411
nov,2014,nov/2014,CENTRO,1075,6006.75,7081.75,201411
nov,2014,nov/2014,CERRO,260,7548.5,7808.5,201411
nov,2014,nov/2014,EMILIO M. GONZALEZ,0,0,0,201411
nov,2014,nov/2014,GUAYABAL,0,0,0,201411
nov,2014,nov/2014,LA LADRILLERA,55,320,375,201411
nov,2014,nov/2014,LA REDONDA,165,1433,1598,201411
nov,2014,nov/2014,LINDAVISTA,0,600.5,600.5,201411
nov,2014,nov/2014,RASTRO,160,4304,4464,201411
nov,2014,nov/2014,REY NAYAR,300,1726,2026,201411
nov,2014,nov/2014,SAN ANTONIO,475,1157,1632,201411
nov,2014,nov/2014,TALPITA,180,1302,1482,201411
nov,2014,nov/2014,TIJUANITA,1000,4070,5070,201411
nov,2014,nov/2014,TIRO AL BLANCO,105,882,987,201411
nov,2014,nov/2014,UNIDAD DEPORTIVA,310,375,685,201411
dic,2014,dic/2014,ACHOTA,320,5468.5,5788.5,201412
dic,2014,dic/2014,BENITO JUAREZ,100,1879,1979,201412
dic,2014,dic/2014,CAPOMAL,135,360,495,201412
dic,2014,dic/2014,CENTRO,1955,16290,18245,201412
dic,2014,dic/2014,CERRO,1180,8764,9944,201412
dic,2014,dic/2014,EMILIO M. GONZALEZ,485,325,810,201412
dic,2014,dic/2014,GUAYABAL,0,65,65,201412
dic,2014,dic/2014,LA LADRILLERA,35,1025,1060,201412
dic,2014,dic/2014,LA REDONDA,345,3976,4321,201412
dic,2014,dic/2014,LINDAVISTA,200,3889.5,4089.5,201412
dic,2014,dic/2014,RASTRO,165,4273,4438,201412
dic,2014,dic/2014,REY NAYAR,1170,2904,4074,201412
dic,2014,dic/2014,SAN ANTONIO,265,2237,2502,201412
dic,2014,dic/2014,TALPITA,550,5003,5553,201412
dic,2014,dic/2014,TIJUANITA,2545,9847.5,12392.5,201412
dic,2014,dic/2014,TIRO AL BLANCO,165,2861,3026,201412
dic,2014,dic/2014,UNIDAD DEPORTIVA,255,1660,1915,201412
ene,2015,ene/2015,ACHOTA,55364.9,302736.55,358101.45,201501
ene,2015,ene/2015,BENITO JUAREZ,8637.1,86127,94764.1,201501
ene,2015,ene/2015,CAPOMAL,7959.7,55537.2,63496.9,201501
ene,2015,ene/2015,CENTRO,190953.9,800132.8,991086.7,201501
ene,2015,ene/2015,CERRO,42829.8,289855.4,332685.2,201501
ene,2015,ene/2015,EMILIO M. GONZALEZ,4635.4,47077,51712.4,201501
ene,2015,ene/2015,GUAYABAL,349.4,13307,13656.4,201501
ene,2015,ene/2015,LA LADRILLERA,1774,46476,48250,201501
ene,2015,ene/2015,LA REDONDA,26682,168838.5,195520.5,201501
ene,2015,ene/2015,LINDAVISTA,20318.9,194080.2,214399.1,201501
ene,2015,ene/2015,RASTRO,27032.4,158409,185441.4,201501
ene,2015,ene/2015,REY NAYAR,29966.6,148892.5,178859.1,201501
ene,2015,ene/2015,SAN ANTONIO,38334.2,128842.3,167176.5,201501
ene,2015,ene/2015,TALPITA,42628.2,166445,209073.2,201501
ene,2015,ene/2015,TIJUANITA,32714.7,90359.6,123074.3,201501
ene,2015,ene/2015,TIRO AL BLANCO,17925.5,118032.8,135958.3,201501
ene,2015,ene/2015,UNIDAD DEPORTIVA,10416.5,52716.2,63132.7,201501
feb,2015,feb/2015,ACHOTA,12021.7,52193.5,64215.2,201502
feb,2015,feb/2015,BENITO JUAREZ,1279.4,17796.2,19075.6,201502
feb,2015,feb/2015,CAPOMAL,3278.1,15342.1,18620.2,201502
feb,2015,feb/2015,CENTRO,35828,111630,147458,201502
feb,2015,feb/2015,CERRO,11212.8,31380.3,42593.1,201502
feb,2015,feb/2015,EMILIO M. GONZALEZ,184.5,36.9,221.4,201502
feb,2015,feb/2015,GUAYABAL,243.6,3236.7,3480.3,201502
feb,2015,feb/2015,LA LADRILLERA,697.6,15757.2,16454.8,201502
feb,2015,feb/2015,LA REDONDA,7900.6,28550.2,36450.8,201502
feb,2015,feb/2015,LINDAVISTA,2510.7,19820.2,22330.9,201502
feb,2015,feb/2015,RASTRO,8618,11557.8,20175.8,201502
feb,2015,feb/2015,REY NAYAR,8321.2,20067.3,28388.5,201502
feb,2015,feb/2015,SAN ANTONIO,7054.1,37960,45014.1,201502
feb,2015,feb/2015,TALPITA,8250,24441.1,32691.1,201502
feb,2015,feb/2015,TIJUANITA,11731.7,16453.8,28185.5,201502
feb,2015,feb/2015,TIRO AL BLANCO,2095.9,31412.3,33508.2,201502
feb,2015,feb/2015,UNIDAD DEPORTIVA,898.4,12534,13432.4,201502
mar,2015,mar/2015,ACHOTA,3377.5,48283.1,51660.6,201503
mar,2015,mar/2015,BENITO JUAREZ,771.5,18146.8,18918.3,201503
mar,2015,mar/2015,CAPOMAL,470.1,5618.7,6088.8,201503
mar,2015,mar/2015,CENTRO,14619.8,131428.95,146048.75,201503
mar,2015,mar/2015,CERRO,3362.4,49456.1,52818.5,201503
mar,2015,mar/2015,EMILIO M. GONZALEZ,105.8,7223.6,7329.4,201503
mar,2015,mar/2015,GUAYABAL,68.9,137.8,206.7,201503
mar,2015,mar/2015,LA LADRILLERA,274.4,6592.1,6866.5,201503
mar,2015,mar/2015,LA REDONDA,4674.7,28976.3,33651,201503
mar,2015,mar/2015,LINDAVISTA,1742.1,30542.9,32285,201503
mar,2015,mar/2015,RASTRO,1831,19909.8,21740.8,201503
mar,2015,mar/2015,REY NAYAR,3943,48965.1,52908.1,201503
mar,2015,mar/2015,SAN ANTONIO,2410.7,31465.6,33876.3,201503
mar,2015,mar/2015,TALPITA,3089.1,35599.9,38689,201503
mar,2015,mar/2015,TIJUANITA,8473.5,44045.4,52518.9,201503
mar,2015,mar/2015,TIRO AL BLANCO,1300.4,20211.2,21511.6,201503
mar,2015,mar/2015,UNIDAD DEPORTIVA,665.8,8806.7,9472.5,201503
abr,2015,abr/2015,ACHOTA,1485.1,2091.4,3576.5,201504
abr,2015,abr/2015,BENITO JUAREZ,676.6,831.7,1508.3,201504
abr,2015,abr/2015,CAPOMAL,232.6,452.5,685.1,201504
abr,2015,abr/2015,CENTRO,6275.9,4257.7,10533.6,201504
abr,2015,abr/2015,CERRO,1626.8,2461.9,4088.7,201504
abr,2015,abr/2015,EMILIO M. GONZALEZ,232.7,465.4,698.1,201504
abr,2015,abr/2015,GUAYABAL,137.8,206.7,344.5,201504
abr,2015,abr/2015,LA LADRILLERA,221.6,502.1,723.7,201504
abr,2015,abr/2015,LA REDONDA,1282.7,3066.4,4349.1,201504
abr,2015,abr/2015,LINDAVISTA,522.9,614,1136.9,201504
abr,2015,abr/2015,RASTRO,749.6,1958.6,2708.2,201504
abr,2015,abr/2015,REY NAYAR,1166.7,1689.4,2856.1,201504
abr,2015,abr/2015,SAN ANTONIO,3346.3,6500.3,9846.6,201504
abr,2015,abr/2015,TALPITA,717.4,1247.7,1965.1,201504
abr,2015,abr/2015,TIJUANITA,4197.4,7294.2,11491.6,201504
abr,2015,abr/2015,TIRO AL BLANCO,957.1,1159.5,2116.6,201504
abr,2015,abr/2015,UNIDAD DEPORTIVA,574.9,866.4,1441.3,201504
may,2015,may/2015,ACHOTA,2644.9,2761.2,5406.1,201505
may,2015,may/2015,BENITO JUAREZ,248.5,689.1,937.6,201505
may,2015,may/2015,CAPOMAL,327.4,505.4,832.8,201505
may,2015,may/2015,CENTRO,4700,6281.5,10981.5,201505
may,2015,may/2015,CERRO,1340.2,2971.1,4311.3,201505
may,2015,may/2015,EMILIO M. GONZALEZ,0,0,0,201505
may,2015,may/2015,GUAYABAL,0,0,0,201505
may,2015,may/2015,LA LADRILLERA,36.9,0,36.9,201505
may,2015,may/2015,LA REDONDA,1086.4,1965.7,3052.1,201505
may,2015,may/2015,LINDAVISTA,211.6,1489.1,1700.7,201505
may,2015,may/2015,RASTRO,1021.1,2041.8,3062.9,201505
may,2015,may/2015,REY NAYAR,1781.8,2838.7,4620.5,201505
may,2015,may/2015,SAN ANTONIO,174.7,36.9,211.6,201505
may,2015,may/2015,TALPITA,1749,1292.4,3041.4,201505
may,2015,may/2015,TIJUANITA,2831.8,4335.55,7167.35,201505
may,2015,may/2015,TIRO AL BLANCO,639.9,894.5,1534.4,201505
may,2015,may/2015,UNIDAD DEPORTIVA,290.5,0,290.5,201505
jun,2015,jun/2015,ACHOTA,2313.8,4019.1,6332.9,201506
jun,2015,jun/2015,BENITO JUAREZ,285.4,280.5,565.9,201506
jun,2015,jun/2015,CAPOMAL,295.4,835.5,1130.9,201506
jun,2015,jun/2015,CENTRO,4100.2,9203.7,13303.9,201506
jun,2015,jun/2015,CERRO,1669.6,3442.7,5112.3,201506
jun,2015,jun/2015,EMILIO M. GONZALEZ,68.9,0,68.9,201506
jun,2015,jun/2015,GUAYABAL,0,0,0,201506
jun,2015,jun/2015,LA LADRILLERA,232.6,126.8,359.4,201506
jun,2015,jun/2015,LA REDONDA,734.7,3278.4,4013.1,201506
jun,2015,jun/2015,LINDAVISTA,629.9,5251.3,5881.2,201506
jun,2015,jun/2015,RASTRO,280.5,822.1,1102.6,201506
jun,2015,jun/2015,REY NAYAR,796.5,680.7,1477.2,201506
jun,2015,jun/2015,SAN ANTONIO,888.2,1802.5,2690.7,201506
jun,2015,jun/2015,TALPITA,950.1,2073.2,3023.3,201506
jun,2015,jun/2015,TIJUANITA,2305.4,9633.5,11938.9,201506
jun,2015,jun/2015,TIRO AL BLANCO,243.6,110.7,354.3,201506
jun,2015,jun/2015,UNIDAD DEPORTIVA,517,680.5,1197.5,201506
jul,2015,jul/2015,ACHOTA,1320.2,766.5,2086.7,201507
jul,2015,jul/2015,BENITO JUAREZ,533.9,954.4,1488.3,201507
jul,2015,jul/2015,CAPOMAL,447.9,759.7,1207.6,201507
jul,2015,jul/2015,CENTRO,7701.9,9528.3,17230.2,201507
jul,2015,jul/2015,CERRO,1251.5,3083.8,4335.3,201507
jul,2015,jul/2015,EMILIO M. GONZALEZ,68.9,137.8,206.7,201507
jul,2015,jul/2015,GUAYABAL,68.9,137.8,206.7,201507
jul,2015,jul/2015,LA LADRILLERA,327.2,492.1,819.3,201507
jul,2015,jul/2015,LA REDONDA,417.1,997.9,1415,201507
jul,2015,jul/2015,LINDAVISTA,163.7,984.4,1148.1,201507
jul,2015,jul/2015,RASTRO,864.2,579,1443.2,201507
jul,2015,jul/2015,REY NAYAR,1117,691.7,1808.7,201507
jul,2015,jul/2015,SAN ANTONIO,760.5,1444.6,2205.1,201507
jul,2015,jul/2015,TALPITA,1018.2,3235.6,4253.8,201507
jul,2015,jul/2015,TIJUANITA,1653.3,4814.3,6467.6,201507
jul,2015,jul/2015,TIRO AL BLANCO,469.9,708.6,1178.5,201507
jul,2015,jul/2015,UNIDAD DEPORTIVA,464.2,1080.1,1544.3,201507
ago,2015,ago/2015,ACHOTA,1979.3,4225,6204.3,201508
ago,2015,ago/2015,BENITO JUAREZ,327.2,533.9,861.1,201508
ago,2015,ago/2015,CAPOMAL,375.3,1439.8,1815.1,201508
ago,2015,ago/2015,CENTRO,5720,16091.3,21811.3,201508
ago,2015,ago/2015,CERRO,2031.9,4617.8,6649.7,201508
ago,2015,ago/2015,EMILIO M. GONZALEZ,137.8,543.4,681.2,201508
ago,2015,ago/2015,GUAYABAL,0,0,0,201508
ago,2015,ago/2015,LA LADRILLERA,163.7,126.8,290.5,201508
ago,2015,ago/2015,LA REDONDA,903.3,4753.3,5656.6,201508
ago,2015,ago/2015,LINDAVISTA,206.7,1033.5,1240.2,201508
ago,2015,ago/2015,RASTRO,412.2,1622.2,2034.4,201508
ago,2015,ago/2015,REY NAYAR,1091.9,7942.4,9034.3,201508
ago,2015,ago/2015,SAN ANTONIO,1162.1,1318.3,2480.4,201508
ago,2015,ago/2015,TALPITA,600.8,2958.9,3559.7,201508
ago,2015,ago/2015,TIJUANITA,4369.8,14702,19071.8,201508
ago,2015,ago/2015,TIRO AL BLANCO,275.6,2272.4,2548,201508
ago,2015,ago/2015,UNIDAD DEPORTIVA,722.7,845.6,1568.3,201508
sep,2015,sep/2015,ACHOTA,1187.7,5552.4,6740.1,201509
sep,2015,sep/2015,BENITO JUAREZ,607.7,3500.1,4107.8,201509
sep,2015,sep/2015,CAPOMAL,406.1,3830,4236.1,201509
sep,2015,sep/2015,CENTRO,4629.6,25819.9,30449.5,201509
sep,2015,sep/2015,CERRO,1160.8,8947.6,10108.4,201509
sep,2015,sep/2015,EMILIO M. GONZALEZ,0,0,0,201509
sep,2015,sep/2015,GUAYABAL,0,0,0,201509
sep,2015,sep/2015,LA LADRILLERA,163.7,988,1151.7,201509
sep,2015,sep/2015,LA REDONDA,1028.9,6137.8,7166.7,201509
sep,2015,sep/2015,LINDAVISTA,275.6,5378.3,5653.9,201509
sep,2015,sep/2015,RASTRO,332.3,481.1,813.4,201509
sep,2015,sep/2015,REY NAYAR,1376.3,11211.8,12588.1,201509
sep,2015,sep/2015,SAN ANTONIO,814.4,4341,5155.4,201509
sep,2015,sep/2015,TALPITA,532.9,2768.8,3301.7,201509
sep,2015,sep/2015,TIJUANITA,2851.7,17731,20582.7,201509
sep,2015,sep/2015,TIRO AL BLANCO,280.5,2046.6,2327.1,201509
sep,2015,sep/2015,UNIDAD DEPORTIVA,348.4,327.4,675.8,201509
oct,2015,oct/2015,ACHOTA,2027,5249.7,7276.7,201510
oct,2015,oct/2015,BENITO JUAREZ,285.4,1120.8,1406.2,201510
oct,2015,oct/2015,CAPOMAL,174.7,958.2,1132.9,201510
oct,2015,oct/2015,CENTRO,4163.9,12686.5,16850.4,201510
oct,2015,oct/2015,CERRO,585.7,3556,4141.7,201510
oct,2015,oct/2015,EMILIO M. GONZALEZ,147.6,332.1,479.7,201510
oct,2015,oct/2015,GUAYABAL,68.9,1400.1,1469,201510
oct,2015,oct/2015,LA LADRILLERA,269.5,1976.4,2245.9,201510
oct,2015,oct/2015,LA REDONDA,455.2,2741.2,3196.4,201510
oct,2015,oct/2015,LINDAVISTA,423.2,2978.3,3401.5,201510
oct,2015,oct/2015,RASTRO,126.8,574.7,701.5,201510
oct,2015,oct/2015,REY NAYAR,433,3263.1,3696.1,201510
oct,2015,oct/2015,SAN ANTONIO,417.1,7014.7,7431.8,201510
oct,2015,oct/2015,TALPITA,711.5,5384.1,6095.6,201510
oct,2015,oct/2015,TIJUANITA,2869,14863.9,17732.9,201510
oct,2015,oct/2015,TIRO AL BLANCO,551.2,1594.5,2145.7,201510
oct,2015,oct/2015,UNIDAD DEPORTIVA,925.3,3427.6,4352.9,201510
nov,2015,nov/2015,ACHOTA,850.3,3156.6,4006.9,201511
nov,2015,nov/2015,BENITO JUAREZ,396.1,7157.5,7553.6,201511
nov,2015,nov/2015,CAPOMAL,57.9,1244,1301.9,201511
nov,2015,nov/2015,CENTRO,2168.2,5383.4,7551.6,201511
nov,2015,nov/2015,CERRO,1160.9,4812.6,5973.5,201511
nov,2015,nov/2015,EMILIO M. GONZALEZ,0,0,0,201511
nov,2015,nov/2015,GUAYABAL,0,647.6,647.6,201511
nov,2015,nov/2015,LA LADRILLERA,142.7,519.2,661.9,201511
nov,2015,nov/2015,LA REDONDA,595.7,692.8,1288.5,201511
nov,2015,nov/2015,LINDAVISTA,174.7,2112.7,2287.4,201511
nov,2015,nov/2015,RASTRO,0,258.5,258.5,201511
nov,2015,nov/2015,REY NAYAR,664.8,5910.5,6575.3,201511
nov,2015,nov/2015,SAN ANTONIO,433.2,1438.6,1871.8,201511
nov,2015,nov/2015,TALPITA,428.1,3903.1,4331.2,201511
nov,2015,nov/2015,TIJUANITA,1951.1,7643.6,9594.7,201511
nov,2015,nov/2015,TIRO AL BLANCO,242.4,1703.5,1945.9,201511
nov,2015,nov/2015,UNIDAD DEPORTIVA,359.4,751.8,1111.2,201511
dic,2015,dic/2015,ACHOTA,11021.4,15152.8,26174.2,201512
dic,2015,dic/2015,BENITO JUAREZ,2029.8,1921.7,3951.5,201512
dic,2015,dic/2015,CAPOMAL,2028.8,1215.8,3244.6,201512
dic,2015,dic/2015,CENTRO,68342.3,41659.3,110001.6,201512
dic,2015,dic/2015,CERRO,14801.1,14219.4,29020.5,201512
dic,2015,dic/2015,EMILIO M. GONZALEZ,4920.6,2359.5,7280.1,201512
dic,2015,dic/2015,GUAYABAL,0,986.3,986.3,201512
dic,2015,dic/2015,LA LADRILLERA,332.3,906.8,1239.1,201512
dic,2015,dic/2015,LA REDONDA,7263.9,4169.1,11433,201512
dic,2015,dic/2015,LINDAVISTA,5829.3,7666.45,13495.75,201512
dic,2015,dic/2015,RASTRO,5615.8,7896.7,13512.5,201512
dic,2015,dic/2015,REY NAYAR,11793.4,4402.8,16196.2,201512
dic,2015,dic/2015,SAN ANTONIO,11426.7,4176.1,15602.8,201512
dic,2015,dic/2015,TALPITA,10959.6,6636.2,17595.8,201512
dic,2015,dic/2015,TIJUANITA,18823.2,16894.3,35717.5,201512
dic,2015,dic/2015,TIRO AL BLANCO,4419.4,1577.3,5996.7,201512
dic,2015,dic/2015,UNIDAD DEPORTIVA,7602.8,2156.2,9759,201512
ene,2016,ene/2016,ACHOTA,25748.5,15791.1,41539.6,201601
ene,2016,ene/2016,BENITO JUAREZ,3235.4,1761.7,4997.1,201601
ene,2016,ene/2016,CAPOMAL,4240.8,3870.1,8110.9,201601
ene,2016,ene/2016,CENTRO,79281.6,26137.5,105419.1,201601
ene,2016,ene/2016,CERRO,15587.5,6003.6,21591.1,201601
ene,2016,ene/2016,EMILIO M. GONZALEZ,511.7,275.6,787.3,201601
ene,2016,ene/2016,GUAYABAL,142.7,1551.1,1693.8,201601
ene,2016,ene/2016,LA LADRILLERA,1211.9,2676.6,3888.5,201601
ene,2016,ene/2016,LA REDONDA,10063.4,6323.6,16387,201601
ene,2016,ene/2016,LINDAVISTA,9319.7,3381.2,12700.9,201601
ene,2016,ene/2016,RASTRO,17270.6,8855.5,26126.1,201601
ene,2016,ene/2016,REY NAYAR,8401.5,9197.1,17598.6,201601
ene,2016,ene/2016,SAN ANTONIO,24724.4,5383.3,30107.7,201601
ene,2016,ene/2016,TALPITA,20743.8,8204.3,28948.1,201601
ene,2016,ene/2016,TIJUANITA,16130,17406.7,33536.7,201601
ene,2016,ene/2016,TIRO AL BLANCO,4779.8,4357.3,9137.1,201601
ene,2016,ene/2016,UNIDAD DEPORTIVA,2349.7,1638.4,3988.1,201601
feb,2016,feb/2016,ACHOTA,12692.1,9388.7,22080.8,201602
feb,2016,feb/2016,BENITO JUAREZ,1290.7,4282.9,5573.6,201602
feb,2016,feb/2016,CAPOMAL,837.5,1559.2,2396.7,201602
feb,2016,feb/2016,CENTRO,44672.3,35585.3,80257.6,201602
feb,2016,feb/2016,CERRO,10589.5,6529.2,17118.7,201602
feb,2016,feb/2016,EMILIO M. GONZALEZ,659.3,418.3,1077.6,201602
feb,2016,feb/2016,GUAYABAL,0,1102.4,1102.4,201602
feb,2016,feb/2016,LA LADRILLERA,348.2,532.7,880.9,201602
feb,2016,feb/2016,LA REDONDA,6974.4,6621,13595.4,201602
feb,2016,feb/2016,LINDAVISTA,2358.8,9844.35,12203.15,201602
feb,2016,feb/2016,RASTRO,6024.6,2809.1,8833.7,201602
feb,2016,feb/2016,REY NAYAR,4389.3,6548.7,10938,201602
feb,2016,feb/2016,SAN ANTONIO,2057.2,6179.7,8236.9,201602
feb,2016,feb/2016,TALPITA,10821.4,4899.8,15721.2,201602
feb,2016,feb/2016,TIJUANITA,8441.5,16429.3,24870.8,201602
feb,2016,feb/2016,TIRO AL BLANCO,1249.5,1253.7,2503.2,201602
feb,2016,feb/2016,UNIDAD DEPORTIVA,1327.5,3892.8,5220.3,201602
mar,2016,mar/2016,ACHOTA,1919.5,4243.4,6162.9,201603
mar,2016,mar/2016,BENITO JUAREZ,1571.4,977.6,2549,201603
mar,2016,mar/2016,CAPOMAL,558.6,484.8,1043.4,201603
mar,2016,mar/2016,CENTRO,15355,15664.3,31019.3,201603
mar,2016,mar/2016,CERRO,5234.7,7169.6,12404.3,201603
mar,2016,mar/2016,EMILIO M. GONZALEZ,36.9,147.6,184.5,201603
mar,2016,mar/2016,GUAYABAL,0,0,0,201603
mar,2016,mar/2016,LA LADRILLERA,343.3,3004.4,3347.7,201603
mar,2016,mar/2016,LA REDONDA,1913.1,4405.7,6318.8,201603
mar,2016,mar/2016,LINDAVISTA,794.8,2962.4,3757.2,201603
mar,2016,mar/2016,RASTRO,579.9,4305.4,4885.3,201603
mar,2016,mar/2016,REY NAYAR,601.8,4998.2,5600,201603
mar,2016,mar/2016,SAN ANTONIO,2044.5,2851.4,4895.9,201603
mar,2016,mar/2016,TALPITA,3011.4,2436.7,5448.1,201603
mar,2016,mar/2016,TIJUANITA,3643.9,4102.5,7746.4,201603
mar,2016,mar/2016,TIRO AL BLANCO,486,2173.7,2659.7,201603
mar,2016,mar/2016,UNIDAD DEPORTIVA,280.5,476.2,756.7,201603
abr,2016,abr/2016,ACHOTA,1534.9,3746.8,5281.7,201604
abr,2016,abr/2016,BENITO JUAREZ,354.3,2079.8,2434.1,201604
abr,2016,abr/2016,CAPOMAL,1616,633.8,2249.8,201604
abr,2016,abr/2016,CENTRO,4397,6678.8,11075.8,201604
abr,2016,abr/2016,CERRO,1196.7,6706.3,7903,201604
abr,2016,abr/2016,EMILIO M. GONZALEZ,0,0,0,201604
abr,2016,abr/2016,GUAYABAL,0,71.4,71.4,201604
abr,2016,abr/2016,LA LADRILLERA,163.7,57.9,221.6,201604
abr,2016,abr/2016,LA REDONDA,1511,2141.2,3652.2,201604
abr,2016,abr/2016,LINDAVISTA,147.6,1636.3,1783.9,201604
abr,2016,abr/2016,RASTRO,558,673.8,1231.8,201604
abr,2016,abr/2016,REY NAYAR,1682.2,5572.2,7254.4,201604
abr,2016,abr/2016,SAN ANTONIO,206.7,275.6,482.3,201604
abr,2016,abr/2016,TALPITA,2887.6,6196.4,9084,201604
abr,2016,abr/2016,TIJUANITA,3031,8855.1,11886.1,201604
abr,2016,abr/2016,TIRO AL BLANCO,317.4,474.8,792.2,201604
abr,2016,abr/2016,UNIDAD DEPORTIVA,269.5,321.3,590.8,201604
may,2016,may/2016,ACHOTA,1883.6,2127.5,4011.1,201605
may,2016,may/2016,BENITO JUAREZ,243.6,856.8,1100.4,201605
may,2016,may/2016,CAPOMAL,36.9,826.8,863.7,201605
may,2016,may/2016,CENTRO,4714.2,17079.3,21793.5,201605
may,2016,may/2016,CERRO,885.4,613,1498.4,201605
may,2016,may/2016,EMILIO M. GONZALEZ,0,0,0,201605
may,2016,may/2016,GUAYABAL,0,431.1,431.1,201605
may,2016,may/2016,LA LADRILLERA,105.8,206.7,312.5,201605
may,2016,may/2016,LA REDONDA,2158.1,2682.3,4840.4,201605
may,2016,may/2016,LINDAVISTA,0,521.1,521.1,201605
may,2016,may/2016,RASTRO,68.9,698.8,767.7,201605
may,2016,may/2016,REY NAYAR,1875.4,3409,5284.4,201605
may,2016,may/2016,SAN ANTONIO,674.8,1105.1,1779.9,201605
may,2016,may/2016,TALPITA,2318.6,2050.3,4368.9,201605
may,2016,may/2016,TIJUANITA,1375.4,4833.7,6209.1,201605
may,2016,may/2016,TIRO AL BLANCO,300.5,289.5,590,201605
may,2016,may/2016,UNIDAD DEPORTIVA,269.5,1240.1,1509.6,201605
jun,2016,jun/2016,ACHOTA,946.1,2993.7,3939.8,201606
jun,2016,jun/2016,BENITO JUAREZ,925.1,1604.3,2529.4,201606
jun,2016,jun/2016,CAPOMAL,163.7,665.8,829.5,201606
jun,2016,jun/2016,CENTRO,2765.5,7131.5,9897,201606
jun,2016,jun/2016,CERRO,924.3,4577.5,5501.8,201606
jun,2016,jun/2016,EMILIO M. GONZALEZ,221.4,0,221.4,201606
jun,2016,jun/2016,GUAYABAL,105.8,598.9,704.7,201606
jun,2016,jun/2016,LA LADRILLERA,401.2,1470.4,1871.6,201606
jun,2016,jun/2016,LA REDONDA,607.7,2204.5,2812.2,201606
jun,2016,jun/2016,LINDAVISTA,179.6,1900.25,2079.85,201606
jun,2016,jun/2016,RASTRO,36.9,182.8,219.7,201606
jun,2016,jun/2016,REY NAYAR,1700.8,6383.3,8084.1,201606
jun,2016,jun/2016,SAN ANTONIO,423.2,2039.7,2462.9,201606
jun,2016,jun/2016,TALPITA,532.7,2198.8,2731.5,201606
jun,2016,jun/2016,TIJUANITA,2007.6,6679.7,8687.3,201606
jun,2016,jun/2016,TIRO AL BLANCO,386.3,881.7,1268,201606
jun,2016,jun/2016,UNIDAD DEPORTIVA,801.6,571.5,1373.1,201606
jul,2016,jul/2016,ACHOTA,997.9,3454.9,4452.8,201607
jul,2016,jul/2016,BENITO JUAREZ,73.8,666.8,740.6,201607
jul,2016,jul/2016,CAPOMAL,401,7374.9,7775.9,201607
jul,2016,jul/2016,CENTRO,3783.1,9675.4,13458.5,201607
jul,2016,jul/2016,CERRO,807.3,2912.2,3719.5,201607
jul,2016,jul/2016,EMILIO M. GONZALEZ,0,0,0,201607
jul,2016,jul/2016,GUAYABAL,174.7,68.9,243.6,201607
jul,2016,jul/2016,LA LADRILLERA,36.9,68.9,105.8,201607
jul,2016,jul/2016,LA REDONDA,363.3,1410.3,1773.6,201607
jul,2016,jul/2016,LINDAVISTA,105.8,1370.5,1476.3,201607
jul,2016,jul/2016,RASTRO,537.6,2056.1,2593.7,201607
jul,2016,jul/2016,REY NAYAR,717.8,2817.9,3535.7,201607
jul,2016,jul/2016,SAN ANTONIO,716.7,1931.7,2648.4,201607
jul,2016,jul/2016,TALPITA,411,2440.4,2851.4,201607
jul,2016,jul/2016,TIJUANITA,1495.9,8087.1,9583,201607
jul,2016,jul/2016,TIRO AL BLANCO,68.9,73.8,142.7,201607
jul,2016,jul/2016,UNIDAD DEPORTIVA,269.5,468.9,738.4,201607
ago,2016,ago/2016,ACHOTA,1111,2340.6,3451.6,201608
ago,2016,ago/2016,BENITO JUAREZ,211.6,344.5,556.1,201608
ago,2016,ago/2016,CAPOMAL,131.7,284.4,416.1,201608
ago,2016,ago/2016,CENTRO,2448.7,7015.9,9464.6,201608
ago,2016,ago/2016,CERRO,807.5,1935.8,2743.3,201608
ago,2016,ago/2016,EMILIO M. GONZALEZ,0,0,0,201608
ago,2016,ago/2016,GUAYABAL,68.9,0,68.9,201608
ago,2016,ago/2016,LA LADRILLERA,94.8,57.9,152.7,201608
ago,2016,ago/2016,LA REDONDA,766.5,925.3,1691.8,201608
ago,2016,ago/2016,LINDAVISTA,565.9,533.9,1099.8,201608
ago,2016,ago/2016,RASTRO,453.2,2541.3,2994.5,201608
ago,2016,ago/2016,REY NAYAR,994.2,2958,3952.2,201608
ago,2016,ago/2016,SAN ANTONIO,928.3,248.5,1176.8,201608
ago,2016,ago/2016,TALPITA,306.4,2812.2,3118.6,201608
ago,2016,ago/2016,TIJUANITA,1516.9,4398.5,5915.4,201608
ago,2016,ago/2016,TIRO AL BLANCO,359.2,142.7,501.9,201608
ago,2016,ago/2016,UNIDAD DEPORTIVA,269.5,168.6,438.1,201608
sep,2016,sep/2016,ACHOTA,612.8,1626.2,2239,201609
sep,2016,sep/2016,BENITO JUAREZ,142.7,381.4,524.1,201609
sep,2016,sep/2016,CAPOMAL,221.4,1270.6,1492,201609
sep,2016,sep/2016,CENTRO,2291,4334.9,6625.9,201609
sep,2016,sep/2016,CERRO,823.2,1123.7,1946.9,201609
sep,2016,sep/2016,EMILIO M. GONZALEZ,0,0,0,201609
sep,2016,sep/2016,GUAYABAL,0,0,0,201609
sep,2016,sep/2016,LA LADRILLERA,163.7,3399.5,3563.2,201609
sep,2016,sep/2016,LA REDONDA,295.4,5539.9,5835.3,201609
sep,2016,sep/2016,LINDAVISTA,105.8,1904.4,2010.2,201609
sep,2016,sep/2016,RASTRO,105.8,704.5,810.3,201609
sep,2016,sep/2016,REY NAYAR,656,6033.1,6689.1,201609
sep,2016,sep/2016,SAN ANTONIO,460.1,1517.3,1977.4,201609
sep,2016,sep/2016,TALPITA,326.4,394.8,721.2,201609
sep,2016,sep/2016,TIJUANITA,851.3,2607.1,3458.4,201609
sep,2016,sep/2016,TIRO AL BLANCO,68.9,137.8,206.7,201609
sep,2016,sep/2016,UNIDAD DEPORTIVA,502.1,1471.7,1973.8,201609
oct,2016,oct/2016,ACHOTA,702.5,2119.2,2821.7,201610
oct,2016,oct/2016,BENITO JUAREZ,216.5,1282.8,1499.3,201610
oct,2016,oct/2016,CAPOMAL,269.5,306.4,575.9,201610
oct,2016,oct/2016,CENTRO,1684,5900.7,7584.7,201610
oct,2016,oct/2016,CERRO,765.5,1571.4,2336.9,201610
oct,2016,oct/2016,EMILIO M. GONZALEZ,0,0,0,201610
oct,2016,oct/2016,GUAYABAL,68.9,68.9,137.8,201610
oct,2016,oct/2016,LA LADRILLERA,269.5,1127,1396.5,201610
oct,2016,oct/2016,LA REDONDA,210.6,173.7,384.3,201610
oct,2016,oct/2016,LINDAVISTA,0,351.2,351.2,201610
oct,2016,oct/2016,RASTRO,94.8,573.9,668.7,201610
oct,2016,oct/2016,REY NAYAR,470.1,1729.8,2199.9,201610
oct,2016,oct/2016,SAN ANTONIO,105.8,532.4,638.2,201610
oct,2016,oct/2016,TALPITA,611.6,3874.3,4485.9,201610
oct,2016,oct/2016,TIJUANITA,1003.8,4126.8,5130.6,201610
oct,2016,oct/2016,TIRO AL BLANCO,142.7,216.5,359.2,201610
oct,2016,oct/2016,UNIDAD DEPORTIVA,174.7,788.7,963.4,201610
nov,2016,nov/2016,ACHOTA,575.7,1935.3,2511,201611
nov,2016,nov/2016,BENITO JUAREZ,105.8,137.8,243.6,201611
nov,2016,nov/2016,CAPOMAL,36.9,110.7,147.6,201611
nov,2016,nov/2016,CENTRO,2215.2,8577.2,10792.4,201611
nov,2016,nov/2016,CERRO,786.5,1891.7,2678.2,201611
nov,2016,nov/2016,EMILIO M. GONZALEZ,0,0,0,201611
nov,2016,nov/2016,GUAYABAL,68.9,0,68.9,201611
nov,2016,nov/2016,LA LADRILLERA,36.9,0,36.9,201611
nov,2016,nov/2016,LA REDONDA,1159,2821.4,3980.4,201611
nov,2016,nov/2016,LINDAVISTA,73.8,221.4,295.2,201611
nov,2016,nov/2016,RASTRO,0,147.6,147.6,201611
nov,2016,nov/2016,REY NAYAR,881.5,2625.5,3507,201611
nov,2016,nov/2016,SAN ANTONIO,706.6,2121.9,2828.5,201611
nov,2016,nov/2016,TALPITA,94.8,1303.7,1398.5,201611
nov,2016,nov/2016,TIJUANITA,1697.7,7122.8,8820.5,201611
nov,2016,nov/2016,TIRO AL BLANCO,105.8,2860,2965.8,201611
nov,2016,nov/2016,UNIDAD DEPORTIVA,269.5,152.7,422.2,201611
dic,2016,dic/2016,ACHOTA,14331.4,10987.5,25318.9,201612
dic,2016,dic/2016,BENITO JUAREZ,659.3,1678.6,2337.9,201612
dic,2016,dic/2016,CAPOMAL,958.5,969,1927.5,201612
dic,2016,dic/2016,CENTRO,63529.6,17072.6,80602.2,201612
dic,2016,dic/2016,CERRO,16406,8732.4,25138.4,201612
dic,2016,dic/2016,EMILIO M. GONZALEZ,2539.2,740.2,3279.4,201612
dic,2016,dic/2016,GUAYABAL,0,0,0,201612
dic,2016,dic/2016,LA LADRILLERA,2370.8,1364.4,3735.2,201612
dic,2016,dic/2016,LA REDONDA,8666.4,3035.8,11702.2,201612
dic,2016,dic/2016,LINDAVISTA,7791.4,2125.6,9917,201612
dic,2016,dic/2016,RASTRO,1923,1889.7,3812.7,201612
dic,2016,dic/2016,REY NAYAR,7640.9,16756.5,24397.4,201612
dic,2016,dic/2016,SAN ANTONIO,2635.4,5615.6,8251,201612
dic,2016,dic/2016,TALPITA,7023.1,2620,9643.1,201612
dic,2016,dic/2016,TIJUANITA,13148.9,12884.5,26033.4,201612
dic,2016,dic/2016,TIRO AL BLANCO,5485.5,6137.3,11622.8,201612
dic,2016,dic/2016,UNIDAD DEPORTIVA,1539.1,321.3,1860.4,201612
ene,2017,ene/2017,ACHOTA,13250.6,5325.5,18576.1,201701
ene,2017,ene/2017,BENITO JUAREZ,2962.1,1655.1,4617.2,201701
ene,2017,ene/2017,CAPOMAL,3686.6,1737.7,5424.3,201701
ene,2017,ene/2017,CENTRO,54765.1,23591.1,78356.2,201701
ene,2017,ene/2017,CERRO,12787.8,10338.9,23126.7,201701
ene,2017,ene/2017,EMILIO M. GONZALEZ,1521.6,0,1521.6,201701
ene,2017,ene/2017,GUAYABAL,0,68.9,68.9,201701
ene,2017,ene/2017,LA LADRILLERA,105.8,275.6,381.4,201701
ene,2017,ene/2017,LA REDONDA,6743,4913.3,11656.3,201701
ene,2017,ene/2017,LINDAVISTA,3055.8,5660.5,8716.3,201701
ene,2017,ene/2017,RASTRO,5138.7,2478.3,7617,201701
ene,2017,ene/2017,REY NAYAR,6449.6,13903,20352.6,201701
ene,2017,ene/2017,SAN ANTONIO,11614.1,9306.5,20920.6,201701
ene,2017,ene/2017,TALPITA,14950.8,9531.1,24481.9,201701
ene,2017,ene/2017,TIJUANITA,11674.3,22842,34516.3,201701
ene,2017,ene/2017,TIRO AL BLANCO,2581.9,556.1,3138,201701
ene,2017,ene/2017,UNIDAD DEPORTIVA,2071.8,1154.2,3226,201701
feb,2017,feb/2017,ACHOTA,7812.2,4283.2,12095.4,201702
feb,2017,feb/2017,BENITO JUAREZ,1412.3,3961.3,5373.6,201702
feb,2017,feb/2017,CAPOMAL,36.9,0,36.9,201702
feb,2017,feb/2017,CENTRO,13317.6,6588.8,19906.4,201702
feb,2017,feb/2017,CERRO,4603.6,6313.1,10916.7,201702
feb,2017,feb/2017,EMILIO M. GONZALEZ,442.8,405.9,848.7,201702
feb,2017,feb/2017,GUAYABAL,206.7,2506.4,2713.1,201702
feb,2017,feb/2017,LA LADRILLERA,94.8,485.2,580,201702
feb,2017,feb/2017,LA REDONDA,3422.5,4252.6,7675.1,201702
feb,2017,feb/2017,LINDAVISTA,816.5,2034,2850.5,201702
feb,2017,feb/2017,RASTRO,3184.5,289.5,3474,201702
feb,2017,feb/2017,REY NAYAR,3038.2,2421.2,5459.4,201702
feb,2017,feb/2017,SAN ANTONIO,1444.3,1711.2,3155.5,201702
feb,2017,feb/2017,TALPITA,4116.3,5788.3,9904.6,201702
feb,2017,feb/2017,TIJUANITA,8146.3,11666.4,19812.7,201702
feb,2017,feb/2017,TIRO AL BLANCO,221.4,280.5,501.9,201702
feb,2017,feb/2017,UNIDAD DEPORTIVA,364.3,168.6,532.9,201702
mar,2017,mar/2017,ACHOTA,2153.6,4590.4,6744,201703
mar,2017,mar/2017,BENITO JUAREZ,147.6,919.4,1067,201703
mar,2017,mar/2017,CAPOMAL,73.8,332.1,405.9,201703
mar,2017,mar/2017,CENTRO,13612.3,14275.9,27888.2,201703
mar,2017,mar/2017,CERRO,4478.3,4035.6,8513.9,201703
mar,2017,mar/2017,EMILIO M. GONZALEZ,0,0,0,201703
mar,2017,mar/2017,GUAYABAL,137.8,1589.6,1727.4,201703
mar,2017,mar/2017,LA LADRILLERA,110.7,147.6,258.3,201703
mar,2017,mar/2017,LA REDONDA,1987.7,4051.1,6038.8,201703
mar,2017,mar/2017,LINDAVISTA,726.6,1310.9,2037.5,201703
mar,2017,mar/2017,RASTRO,2026.5,1005.4,3031.9,201703
mar,2017,mar/2017,REY NAYAR,834.6,2388.4,3223,201703
mar,2017,mar/2017,SAN ANTONIO,1938.7,1609.2,3547.9,201703
mar,2017,mar/2017,TALPITA,5903.8,4336.7,10240.5,201703
mar,2017,mar/2017,TIJUANITA,902.9,4390.1,5293,201703
mar,2017,mar/2017,TIRO AL BLANCO,174.7,514.7,689.4,201703
mar,2017,mar/2017,UNIDAD DEPORTIVA,2139.1,1572.2,3711.3,201703
abr,2017,abr/2017,ACHOTA,2602.8,2531.2,5134,201704
abr,2017,abr/2017,BENITO JUAREZ,369,497,866,201704
abr,2017,abr/2017,CAPOMAL,68.9,1053.6,1122.5,201704
abr,2017,abr/2017,CENTRO,6573.2,5732.8,12306,201704
abr,2017,abr/2017,CERRO,2170.1,2692.2,4862.3,201704
abr,2017,abr/2017,EMILIO M. GONZALEZ,0,0,0,201704
abr,2017,abr/2017,GUAYABAL,137.8,0,137.8,201704
abr,2017,abr/2017,LA LADRILLERA,412.2,1066.6,1478.8,201704
abr,2017,abr/2017,LA REDONDA,1300.7,1137.8,2438.5,201704
abr,2017,abr/2017,LINDAVISTA,179.6,413.4,593,201704
abr,2017,abr/2017,RASTRO,142.7,745.5,888.2,201704
abr,2017,abr/2017,REY NAYAR,3250.1,4909.8,8159.9,201704
abr,2017,abr/2017,SAN ANTONIO,3141.1,4888,8029.1,201704
abr,2017,abr/2017,TALPITA,1423.4,3759.1,5182.5,201704
abr,2017,abr/2017,TIJUANITA,2052,8924.1,10976.1,201704
abr,2017,abr/2017,TIRO AL BLANCO,137.8,0,137.8,201704
abr,2017,abr/2017,UNIDAD DEPORTIVA,269.5,57.9,327.4,201704
may,2017,may/2017,ACHOTA,561,391.2,952.2,201705
may,2017,may/2017,BENITO JUAREZ,216.5,2052.7,2269.2,201705
may,2017,may/2017,CAPOMAL,569,1506.8,2075.8,201705
may,2017,may/2017,CENTRO,2271.8,2932.4,5204.2,201705
may,2017,may/2017,CERRO,511.9,844.2,1356.1,201705
may,2017,may/2017,EMILIO M. GONZALEZ,0,0,0,201705
may,2017,may/2017,GUAYABAL,0,0,0,201705
may,2017,may/2017,LA LADRILLERA,36.9,0,36.9,201705
may,2017,may/2017,LA REDONDA,211.6,0,211.6,201705
may,2017,may/2017,LINDAVISTA,0,620.1,620.1,201705
may,2017,may/2017,RASTRO,0,0,0,201705
may,2017,may/2017,REY NAYAR,174.7,834.2,1008.9,201705
may,2017,may/2017,SAN ANTONIO,332.1,2854.6,3186.7,201705
may,2017,may/2017,TALPITA,142.7,349.4,492.1,201705
may,2017,may/2017,TIJUANITA,1284.3,4167.8,5452.1,201705
may,2017,may/2017,TIRO AL BLANCO,0,395.7,395.7,201705
may,2017,may/2017,UNIDAD DEPORTIVA,674.8,131.7,806.5,201705
jun,2017,jun/2017,ACHOTA,735.7,5699.1,6434.8,201706
jun,2017,jun/2017,BENITO JUAREZ,0,344.5,344.5,201706
jun,2017,jun/2017,CAPOMAL,147.6,73.8,221.4,201706
jun,2017,jun/2017,CENTRO,2623,17624.5,20247.5,201706
jun,2017,jun/2017,CERRO,718.6,5992.5,6711.1,201706
jun,2017,jun/2017,EMILIO M. GONZALEZ,0,0,0,201706
jun,2017,jun/2017,GUAYABAL,36.9,1070.1,1107,201706
jun,2017,jun/2017,LA LADRILLERA,94.8,57.9,152.7,201706
jun,2017,jun/2017,LA REDONDA,502.1,979.3,1481.4,201706
jun,2017,jun/2017,LINDAVISTA,68.9,1291.8,1360.7,201706
jun,2017,jun/2017,RASTRO,364.1,713.5,1077.6,201706
jun,2017,jun/2017,REY NAYAR,655.8,924.3,1580.1,201706
jun,2017,jun/2017,SAN ANTONIO,533.9,4801.9,5335.8,201706
jun,2017,jun/2017,TALPITA,470.1,7372.6,7842.7,201706
jun,2017,jun/2017,TIJUANITA,612.6,3913.9,4526.5,201706
jun,2017,jun/2017,TIRO AL BLANCO,322.5,521.1,843.6,201706
jun,2017,jun/2017,UNIDAD DEPORTIVA,375.3,422.2,797.5,201706
jul,2017,jul/2017,ACHOTA,570.8,8827.3,9398.1,201707
jul,2017,jul/2017,BENITO JUAREZ,110.7,73.8,184.5,201707
jul,2017,jul/2017,CAPOMAL,36.9,1597.4,1634.3,201707
jul,2017,jul/2017,CENTRO,4356.9,23110.7,27467.6,201707
jul,2017,jul/2017,CERRO,653.8,4559.1,5212.9,201707
jul,2017,jul/2017,EMILIO M. GONZALEZ,0,0,0,201707
jul,2017,jul/2017,GUAYABAL,36.9,627.3,664.2,201707
jul,2017,jul/2017,LA LADRILLERA,36.9,0,36.9,201707
jul,2017,jul/2017,LA REDONDA,0,184.5,184.5,201707
jul,2017,jul/2017,LINDAVISTA,110.7,0,110.7,201707
jul,2017,jul/2017,RASTRO,680.3,2582.8,3263.1,201707
jul,2017,jul/2017,REY NAYAR,970.4,4123.2,5093.6,201707
jul,2017,jul/2017,SAN ANTONIO,221.4,664.2,885.6,201707
jul,2017,jul/2017,TALPITA,354.3,10728.9,11083.2,201707
jul,2017,jul/2017,TIJUANITA,469.9,2276.9,2746.8,201707
jul,2017,jul/2017,TIRO AL BLANCO,68.9,413.4,482.3,201707
jul,2017,jul/2017,UNIDAD DEPORTIVA,290.5,1810.8,2101.3,201707
ago,2017,ago/2017,ACHOTA,1468.2,18496.7,19964.9,201708
ago,2017,ago/2017,BENITO JUAREZ,0,189,189,201708
ago,2017,ago/2017,CAPOMAL,405.9,258.3,664.2,201708
ago,2017,ago/2017,CENTRO,2681.3,60801.3,63482.6,201708
ago,2017,ago/2017,CERRO,875.2,2519.2,3394.4,201708
ago,2017,ago/2017,EMILIO M. GONZALEZ,0,0,0,201708
ago,2017,ago/2017,GUAYABAL,174.7,2310.6,2485.3,201708
ago,2017,ago/2017,LA LADRILLERA,94.8,471.3,566.1,201708
ago,2017,ago/2017,LA REDONDA,36.9,295.2,332.1,201708
ago,2017,ago/2017,LINDAVISTA,349.4,18358.4,18707.8,201708
ago,2017,ago/2017,RASTRO,289.5,405.3,694.8,201708
ago,2017,ago/2017,REY NAYAR,491.1,3609.6,4100.7,201708
ago,2017,ago/2017,SAN ANTONIO,843.2,2200.7,3043.9,201708
ago,2017,ago/2017,TALPITA,332.3,4152.2,4484.5,201708
ago,2017,ago/2017,TIJUANITA,1104.7,3323.2,4427.9,201708
ago,2017,ago/2017,TIRO AL BLANCO,36.9,295.2,332.1,201708
ago,2017,ago/2017,UNIDAD DEPORTIVA,269.5,284.4,553.9,201708
sep,2017,sep/2017,ACHOTA,766.5,10240.7,11007.2,201709
sep,2017,sep/2017,BENITO JUAREZ,73.8,904.9,978.7,201709
sep,2017,sep/2017,CAPOMAL,94.8,810.6,905.4,201709
sep,2017,sep/2017,CENTRO,4275.7,61664.3,65940,201709
sep,2017,sep/2017,CERRO,528,3778.5,4306.5,201709
sep,2017,sep/2017,EMILIO M. GONZALEZ,0,73.8,73.8,201709
sep,2017,sep/2017,GUAYABAL,0,0,0,201709
sep,2017,sep/2017,LA LADRILLERA,36.9,746.9,783.8,201709
sep,2017,sep/2017,LA REDONDA,1204.6,9900.9,11105.5,201709
sep,2017,sep/2017,LINDAVISTA,338.4,11063.8,11402.2,201709
sep,2017,sep/2017,RASTRO,57.9,463.2,521.1,201709
sep,2017,sep/2017,REY NAYAR,385.3,3219.8,3605.1,201709
sep,2017,sep/2017,SAN ANTONIO,290.3,2100.2,2390.5,201709
sep,2017,sep/2017,TALPITA,343.3,2253.2,2596.5,201709
sep,2017,sep/2017,TIJUANITA,275.6,8436.3,8711.9,201709
sep,2017,sep/2017,TIRO AL BLANCO,137.8,0,137.8,201709
sep,2017,sep/2017,UNIDAD DEPORTIVA,174.7,3443.5,3618.2,201709
oct,2017,oct/2017,ACHOTA,2700.7,7762.9,10463.6,201710
oct,2017,oct/2017,BENITO JUAREZ,497,947.3,1444.3,201710
oct,2017,oct/2017,CAPOMAL,221.4,822.5,1043.9,201710
oct,2017,oct/2017,CENTRO,4556.1,24339,28895.1,201710
oct,2017,oct/2017,CERRO,1420.1,10412.6,11832.7,201710
oct,2017,oct/2017,EMILIO M. GONZALEZ,0,0,0,201710
oct,2017,oct/2017,GUAYABAL,0,482.3,482.3,201710
oct,2017,oct/2017,LA LADRILLERA,585.9,1624.7,2210.6,201710
oct,2017,oct/2017,LA REDONDA,496,2401.3,2897.3,201710
oct,2017,oct/2017,LINDAVISTA,0,551.2,551.2,201710
oct,2017,oct/2017,RASTRO,242.6,1716.6,1959.2,201710
oct,2017,oct/2017,REY NAYAR,1860.8,9190.9,11051.7,201710
oct,2017,oct/2017,SAN ANTONIO,1883.6,8345.3,10228.9,201710
oct,2017,oct/2017,TALPITA,450.3,878.7,1329,201710
oct,2017,oct/2017,TIJUANITA,3927,27241.5,31168.5,201710
oct,2017,oct/2017,TIRO AL BLANCO,450.3,2606.2,3056.5,201710
oct,2017,oct/2017,UNIDAD DEPORTIVA,1035.2,2582.3,3617.5,201710
nov,2017,nov/2017,ACHOTA,854.2,3249,4103.2,201711
nov,2017,nov/2017,BENITO JUAREZ,253.4,4365.7,4619.1,201711
nov,2017,nov/2017,CAPOMAL,36.9,36.9,73.8,201711
nov,2017,nov/2017,CENTRO,1871.7,14619.5,16491.2,201711
nov,2017,nov/2017,CERRO,654.6,7243.5,7898.1,201711
nov,2017,nov/2017,EMILIO M. GONZALEZ,0,0,0,201711
nov,2017,nov/2017,GUAYABAL,68.9,137.8,206.7,201711
nov,2017,nov/2017,LA LADRILLERA,110.7,432,542.7,201711
nov,2017,nov/2017,LA REDONDA,263.4,221.4,484.8,201711
nov,2017,nov/2017,LINDAVISTA,57.9,57.9,115.8,201711
nov,2017,nov/2017,RASTRO,68.9,5889.8,5958.7,201711
nov,2017,nov/2017,REY NAYAR,279.5,827.2,1106.7,201711
nov,2017,nov/2017,SAN ANTONIO,179.6,553.7,733.3,201711
nov,2017,nov/2017,TALPITA,395.1,2002.4,2397.5,201711
nov,2017,nov/2017,TIJUANITA,1215.4,5747.5,6962.9,201711
nov,2017,nov/2017,TIRO AL BLANCO,110.7,110.7,221.4,201711
nov,2017,nov/2017,UNIDAD DEPORTIVA,105.8,216.5,322.3,201711
dic,2017,dic/2017,ACHOTA,4691.5,84722.5,89414,201712
dic,2017,dic/2017,BENITO JUAREZ,730.8,25433.1,26163.9,201712
dic,2017,dic/2017,CAPOMAL,857.6,17149.9,18007.5,201712
dic,2017,dic/2017,CENTRO,9915,177449.5,187364.5,201712
dic,2017,dic/2017,CERRO,4846.7,96001.5,100848.2,201712
dic,2017,dic/2017,EMILIO M. GONZALEZ,577.2,14488.5,15065.7,201712
dic,2017,dic/2017,GUAYABAL,243.6,4295,4538.6,201712
dic,2017,dic/2017,LA LADRILLERA,814.6,24410.9,25225.5,201712
dic,2017,dic/2017,LA REDONDA,2137.2,51037.1,53174.3,201712
dic,2017,dic/2017,LINDAVISTA,2218.3,43682.3,45900.6,201712
dic,2017,dic/2017,RASTRO,1401.5,28337,29738.5,201712
dic,2017,dic/2017,REY NAYAR,3433.9,93766.6,97200.5,201712
dic,2017,dic/2017,SAN ANTONIO,1832,50176.2,52008.2,201712
dic,2017,dic/2017,TALPITA,2204,64988.4,67192.4,201712
dic,2017,dic/2017,TIJUANITA,6801.2,138461.8,145263,201712
dic,2017,dic/2017,TIRO AL BLANCO,1889.9,36548.7,38438.6,201712
dic,2017,dic/2017,UNIDAD DEPORTIVA,1529.3,30697.3,32226.6,201712
ene,2018,ene/2018,ACHOTA,31142.5,15708,46850.5,201801
ene,2018,ene/2018,BENITO JUAREZ,3684.8,411.8,4096.6,201801
ene,2018,ene/2018,CAPOMAL,3278,2997.6,6275.6,201801
ene,2018,ene/2018,CENTRO,123059.1,17736.5,140795.6,201801
ene,2018,ene/2018,CERRO,23490.6,5298.5,28789.1,201801
ene,2018,ene/2018,EMILIO M. GONZALEZ,3336,0,3336,201801
ene,2018,ene/2018,GUAYABAL,142,330.3,472.3,201801
ene,2018,ene/2018,LA LADRILLERA,1856,2915.1,4771.1,201801
ene,2018,ene/2018,LA REDONDA,17281,7824.2,25105.2,201801
ene,2018,ene/2018,LINDAVISTA,6593,3509.6,10102.6,201801
ene,2018,ene/2018,RASTRO,12493,7405.6,19898.6,201801
ene,2018,ene/2018,REY NAYAR,14708.9,6987.9,21696.8,201801
ene,2018,ene/2018,SAN ANTONIO,13068.6,1874.5,14943.1,201801
ene,2018,ene/2018,TALPITA,25993.6,16430.6,42424.2,201801
ene,2018,ene/2018,TIJUANITA,17369.8,10379.9,27749.7,201801
ene,2018,ene/2018,TIRO AL BLANCO,8801.9,5504.3,14306.2,201801
ene,2018,ene/2018,UNIDAD DEPORTIVA,6207,2883.6,9090.6,201801
feb,2018,feb/2018,ACHOTA,8740,8115.9,16855.9,201802
feb,2018,feb/2018,BENITO JUAREZ,1125,6931.2,8056.2,201802
feb,2018,feb/2018,CAPOMAL,1116,230.1,1346.1,201802
feb,2018,feb/2018,CENTRO,16646,26037.9,42683.9,201802
feb,2018,feb/2018,CERRO,5102,6293.6,11395.6,201802
feb,2018,feb/2018,EMILIO M. GONZALEZ,418,38,456,201802
feb,2018,feb/2018,GUAYABAL,71,297.9,368.9,201802
feb,2018,feb/2018,LA LADRILLERA,207,980.8,1187.8,201802
feb,2018,feb/2018,LA REDONDA,2655,7908,10563,201802
feb,2018,feb/2018,LINDAVISTA,1786,10124.4,11910.4,201802
feb,2018,feb/2018,RASTRO,1750,8109.7,9859.7,201802
feb,2018,feb/2018,REY NAYAR,6256,21047.9,27303.9,201802
feb,2018,feb/2018,SAN ANTONIO,3377,11058.5,14435.5,201802
feb,2018,feb/2018,TALPITA,8615,4425.5,13040.5,201802
feb,2018,feb/2018,TIJUANITA,7875,16189.1,24064.1,201802
feb,2018,feb/2018,TIRO AL BLANCO,1210,7025.9,8235.9,201802
feb,2018,feb/2018,UNIDAD DEPORTIVA,360,4362.9,4722.9,201802
mar,2018,mar/2018,ACHOTA,4123,15954,20077,201803
mar,2018,mar/2018,BENITO JUAREZ,702,1328.3,2030.3,201803
mar,2018,mar/2018,CAPOMAL,76,548.3,624.3,201803
mar,2018,mar/2018,CENTRO,8058,35682.3,43740.3,201803
mar,2018,mar/2018,CERRO,7895,15029.2,22924.2,201803
mar,2018,mar/2018,EMILIO M. GONZALEZ,0,0,0,201803
mar,2018,mar/2018,GUAYABAL,0,0,0,201803
mar,2018,mar/2018,LA LADRILLERA,747,2680.6,3427.6,201803
mar,2018,mar/2018,LA REDONDA,774,14235.9,15009.9,201803
mar,2018,mar/2018,LINDAVISTA,185,2771.2,2956.2,201803
mar,2018,mar/2018,RASTRO,609,12689.2,13298.2,201803
mar,2018,mar/2018,REY NAYAR,1817,4447.5,6264.5,201803
mar,2018,mar/2018,SAN ANTONIO,2352,7453,9805,201803
mar,2018,mar/2018,TALPITA,3035,13982.3,17017.3,201803
mar,2018,mar/2018,TIJUANITA,1975,17363.9,19338.9,201803
mar,2018,mar/2018,TIRO AL BLANCO,464,6484.3,6948.3,201803
mar,2018,mar/2018,UNIDAD DEPORTIVA,382,2733.5,3115.5,201803
abr,2018,abr/2018,ACHOTA,3527,5868.3,9395.3,201804
abr,2018,abr/2018,BENITO JUAREZ,142,393,535,201804
abr,2018,abr/2018,CAPOMAL,38,38,76,201804
abr,2018,abr/2018,CENTRO,6933,22455,29388,201804
abr,2018,abr/2018,CERRO,2170,5164.1,7334.1,201804
abr,2018,abr/2018,EMILIO M. GONZALEZ,0,0,0,201804
abr,2018,abr/2018,GUAYABAL,0,0,0,201804
abr,2018,abr/2018,LA LADRILLERA,98,60,158,201804
abr,2018,abr/2018,LA REDONDA,1913,12573.2,14486.2,201804
abr,2018,abr/2018,LINDAVISTA,109,1917,2026,201804
abr,2018,abr/2018,RASTRO,38,0,38,201804
abr,2018,abr/2018,REY NAYAR,643,1920.1,2563.1,201804
abr,2018,abr/2018,SAN ANTONIO,3251,4825.1,8076.1,201804
abr,2018,abr/2018,TALPITA,1289,2379.7,3668.7,201804
abr,2018,abr/2018,TIJUANITA,2260,6167.9,8427.9,201804
abr,2018,abr/2018,TIRO AL BLANCO,593,3522.4,4115.4,201804
abr,2018,abr/2018,UNIDAD DEPORTIVA,376,1781.6,2157.6,201804
may,2018,may/2018,ACHOTA,578,7713.8,8291.8,201805
may,2018,may/2018,BENITO JUAREZ,327,707.8,1034.8,201805
may,2018,may/2018,CAPOMAL,342,1128.5,1470.5,201805
may,2018,may/2018,CENTRO,4191,24073,28264,201805
may,2018,may/2018,CERRO,1333,1515,2848,201805
may,2018,may/2018,EMILIO M. GONZALEZ,0,0,0,201805
may,2018,may/2018,GUAYABAL,0,0,0,201805
may,2018,may/2018,LA LADRILLERA,109,142,251,201805
may,2018,may/2018,LA REDONDA,1231,1250.7,2481.7,201805
may,2018,may/2018,LINDAVISTA,38,152,190,201805
may,2018,may/2018,RASTRO,360,5841.8,6201.8,201805
may,2018,may/2018,REY NAYAR,1369,1942.2,3311.2,201805
may,2018,may/2018,SAN ANTONIO,744,418,1162,201805
may,2018,may/2018,TALPITA,609,1477.2,2086.2,201805
may,2018,may/2018,TIJUANITA,479,10083.9,10562.9,201805
may,2018,may/2018,TIRO AL BLANCO,294,588,882,201805
may,2018,may/2018,UNIDAD DEPORTIVA,409,5008.7,5417.7,201805
jun,2018,jun/2018,ACHOTA,1527,6121.8,7648.8,201806
jun,2018,jun/2018,BENITO JUAREZ,223,1275.6,1498.6,201806
jun,2018,jun/2018,CAPOMAL,38,176,214,201806
jun,2018,jun/2018,CENTRO,2328,11114.8,13442.8,201806
jun,2018,jun/2018,CERRO,381,955.7,1336.7,201806
jun,2018,jun/2018,EMILIO M. GONZALEZ,0,494.8,494.8,201806
jun,2018,jun/2018,GUAYABAL,0,0,0,201806
jun,2018,jun/2018,LA LADRILLERA,98,273,371,201806
jun,2018,jun/2018,LA REDONDA,966,5041.8,6007.8,201806
jun,2018,jun/2018,LINDAVISTA,147,393,540,201806
jun,2018,jun/2018,RASTRO,484,11000,11484,201806
jun,2018,jun/2018,REY NAYAR,709,1640.3,2349.3,201806
jun,2018,jun/2018,SAN ANTONIO,484,3471.4,3955.4,201806
jun,2018,jun/2018,TALPITA,375,403,778,201806
jun,2018,jun/2018,TIJUANITA,730,9768.3,10498.3,201806
jun,2018,jun/2018,TIRO AL BLANCO,600,1396,1996,201806
jun,2018,jun/2018,UNIDAD DEPORTIVA,316,316,632,201806
jul,2018,jul/2018,ACHOTA,332,1526.8,1858.8,201807
jul,2018,jul/2018,BENITO JUAREZ,710,639,1349,201807
jul,2018,jul/2018,CAPOMAL,76,633.9,709.9,201807
jul,2018,jul/2018,CENTRO,3303,9663.8,12966.8,201807
jul,2018,jul/2018,CERRO,2222,16420.6,18642.6,201807
jul,2018,jul/2018,EMILIO M. GONZALEZ,0,0,0,201807
jul,2018,jul/2018,GUAYABAL,0,0,0,201807
jul,2018,jul/2018,LA LADRILLERA,76,228,304,201807
jul,2018,jul/2018,LA REDONDA,256,1549.4,1805.4,201807
jul,2018,jul/2018,LINDAVISTA,0,71,71,201807
jul,2018,jul/2018,RASTRO,71,71,142,201807
jul,2018,jul/2018,REY NAYAR,922,1861.3,2783.3,201807
jul,2018,jul/2018,SAN ANTONIO,342,1681.2,2023.2,201807
jul,2018,jul/2018,TALPITA,185,2471.8,2656.8,201807
jul,2018,jul/2018,TIJUANITA,1394,7826.8,9220.8,201807
jul,2018,jul/2018,TIRO AL BLANCO,0,474.9,474.9,201807
jul,2018,jul/2018,UNIDAD DEPORTIVA,1031,691,1722,201807
ago,2018,ago/2018,ACHOTA,1089,7892.8,8981.8,201808
ago,2018,ago/2018,BENITO JUAREZ,142,540,682,201808
ago,2018,ago/2018,CAPOMAL,38,0,38,201808
ago,2018,ago/2018,CENTRO,3160,21013.7,24173.7,201808
ago,2018,ago/2018,CERRO,1078,11115.6,12193.6,201808
ago,2018,ago/2018,EMILIO M. GONZALEZ,71,497,568,201808
ago,2018,ago/2018,GUAYABAL,0,0,0,201808
ago,2018,ago/2018,LA LADRILLERA,207,354,561,201808
ago,2018,ago/2018,LA REDONDA,403,3087.5,3490.5,201808
ago,2018,ago/2018,LINDAVISTA,414,420,834,201808
ago,2018,ago/2018,RASTRO,71,0,71,201808
ago,2018,ago/2018,REY NAYAR,900,1525.3,2425.3,201808
ago,2018,ago/2018,SAN ANTONIO,288,4486.7,4774.7,201808
ago,2018,ago/2018,TALPITA,654,3281.3,3935.3,201808
ago,2018,ago/2018,TIJUANITA,973,9066.5,10039.5,201808
ago,2018,ago/2018,TIRO AL BLANCO,431,1649.6,2080.6,201808
ago,2018,ago/2018,UNIDAD DEPORTIVA,267,98,365,201808
sep,2018,sep/2018,ACHOTA,1187,2168,3355,201809
sep,2018,sep/2018,BENITO JUAREZ,332,2152.1,2484.1,201809
sep,2018,sep/2018,CAPOMAL,190,304,494,201809
sep,2018,sep/2018,CENTRO,2086,8207.5,10293.5,201809
sep,2018,sep/2018,CERRO,844,2862.3,3706.3,201809
sep,2018,sep/2018,EMILIO M. GONZALEZ,0,0,0,201809
sep,2018,sep/2018,GUAYABAL,0,0,0,201809
sep,2018,sep/2018,LA LADRILLERA,158,0,158,201809
sep,2018,sep/2018,LA REDONDA,643,3768.8,4411.8,201809
sep,2018,sep/2018,LINDAVISTA,529,3860.5,4389.5,201809
sep,2018,sep/2018,RASTRO,120,840,960,201809
sep,2018,sep/2018,REY NAYAR,960,6164.8,7124.8,201809
sep,2018,sep/2018,SAN ANTONIO,1387,1797,3184,201809
sep,2018,sep/2018,TALPITA,278,622,900,201809
sep,2018,sep/2018,TIJUANITA,991,7443,8434,201809
sep,2018,sep/2018,TIRO AL BLANCO,0,1303,1303,201809
sep,2018,sep/2018,UNIDAD DEPORTIVA,300,189,489,201809
oct,2018,oct/2018,ACHOTA,849,832,1681,201810
oct,2018,oct/2018,BENITO JUAREZ,180,3364.2,3544.2,201810
oct,2018,oct/2018,CAPOMAL,0,90,90,201810
oct,2018,oct/2018,CENTRO,1907,10333.5,12240.5,201810
oct,2018,oct/2018,CERRO,528,3590.6,4118.6,201810
oct,2018,oct/2018,EMILIO M. GONZALEZ,213,3566.6,3779.6,201810
oct,2018,oct/2018,GUAYABAL,0,0,0,201810
oct,2018,oct/2018,LA LADRILLERA,38,0,38,201810
oct,2018,oct/2018,LA REDONDA,567,4572.5,5139.5,201810
oct,2018,oct/2018,LINDAVISTA,0,551.2,551.2,201810
oct,2018,oct/2018,RASTRO,360,4699.2,5059.2,201810
oct,2018,oct/2018,REY NAYAR,442,3257.9,3699.9,201810
oct,2018,oct/2018,SAN ANTONIO,305,2946.7,3251.7,201810
oct,2018,oct/2018,TALPITA,398,1814.7,2212.7,201810
oct,2018,oct/2018,TIJUANITA,1024,11196,12220,201810
oct,2018,oct/2018,TIRO AL BLANCO,109,180,289,201810
oct,2018,oct/2018,UNIDAD DEPORTIVA,207,38,245,201810
nov,2018,nov/2018,ACHOTA,758,6435.2,7193.2,201811
nov,2018,nov/2018,BENITO JUAREZ,474,4409.6,4883.6,201811
nov,2018,nov/2018,CAPOMAL,114,774.1,888.1,201811
nov,2018,nov/2018,CENTRO,1405,10134.1,11539.1,201811
nov,2018,nov/2018,CERRO,430,1284,1714,201811
nov,2018,nov/2018,EMILIO M. GONZALEZ,0,0,0,201811
nov,2018,nov/2018,GUAYABAL,0,0,0,201811
nov,2018,nov/2018,LA LADRILLERA,158,190.2,348.2,201811
nov,2018,nov/2018,LA REDONDA,332,1576.8,1908.8,201811
nov,2018,nov/2018,LINDAVISTA,71,985.6,1056.6,201811
nov,2018,nov/2018,RASTRO,71,142,213,201811
nov,2018,nov/2018,REY NAYAR,453,0,453,201811
nov,2018,nov/2018,SAN ANTONIO,185,1399.6,1584.6,201811
nov,2018,nov/2018,TALPITA,272,870,1142,201811
nov,2018,nov/2018,TIJUANITA,943,5948.1,6891.1,201811
nov,2018,nov/2018,TIRO AL BLANCO,213,332,545,201811
nov,2018,nov/2018,UNIDAD DEPORTIVA,289,1266,1555,201811
dic,2018,dic/2018,ACHOTA,2398,25767.2,28165.2,201812
dic,2018,dic/2018,BENITO JUAREZ,289,4841.7,5130.7,201812
dic,2018,dic/2018,CAPOMAL,251,3307.6,3558.6,201812
dic,2018,dic/2018,CENTRO,7677,96179.5,103856.5,201812
dic,2018,dic/2018,CERRO,2482,54250.2,56732.2,201812
dic,2018,dic/2018,EMILIO M. GONZALEZ,71,781,852,201812
dic,2018,dic/2018,GUAYABAL,0,0,0,201812
dic,2018,dic/2018,LA LADRILLERA,676,7853.8,8529.8,201812
dic,2018,dic/2018,LA REDONDA,899,10762,11661,201812
dic,2018,dic/2018,LINDAVISTA,1151,14409.5,15560.5,201812
dic,2018,dic/2018,RASTRO,349,5420.8,5769.8,201812
dic,2018,dic/2018,REY NAYAR,1189,14410.4,15599.4,201812
dic,2018,dic/2018,SAN ANTONIO,616,6069.7,6685.7,201812
dic,2018,dic/2018,TALPITA,731,12462.2,13193.2,201812
dic,2018,dic/2018,TIJUANITA,3643,39934.3,43577.3,201812
dic,2018,dic/2018,TIRO AL BLANCO,529,6395.4,6924.4,201812
dic,2018,dic/2018,UNIDAD DEPORTIVA,534,3584.1,4118.1,201812
ene,2019,ene/2019,ACHOTA,25899,12690.3,38589.3,201901
ene,2019,ene/2019,BENITO JUAREZ,3419,2156,5575,201901
ene,2019,ene/2019,CAPOMAL,2355,0,2355,201901
ene,2019,ene/2019,CENTRO,100300,33593.2,133893.2,201901
ene,2019,ene/2019,CERRO,17506,16989.7,34495.7,201901
ene,2019,ene/2019,EMILIO M. GONZALEZ,3996,0,3996,201901
ene,2019,ene/2019,GUAYABAL,0,0,0,201901
ene,2019,ene/2019,LA LADRILLERA,2107,3157.1,5264.1,201901
ene,2019,ene/2019,LA REDONDA,10081,1801,11882,201901
ene,2019,ene/2019,LINDAVISTA,7362,6681.2,14043.2,201901
ene,2019,ene/2019,RASTRO,8292,4436.7,12728.7,201901
ene,2019,ene/2019,REY NAYAR,14993,8246.3,23239.3,201901
ene,2019,ene/2019,SAN ANTONIO,12402,6496.9,18898.9,201901
ene,2019,ene/2019,TALPITA,15096,8032.6,23128.6,201901
ene,2019,ene/2019,TIJUANITA,16094,14720.7,30814.7,201901
ene,2019,ene/2019,TIRO AL BLANCO,5397,1138,6535,201901
ene,2019,ene/2019,UNIDAD DEPORTIVA,4137,1449.6,5586.6,201901
feb,2019,feb/2019,ACHOTA,2291,3413.5,5704.5,201902
feb,2019,feb/2019,BENITO JUAREZ,1265,6465.6,7730.6,201902
feb,2019,feb/2019,CAPOMAL,270,3660.6,3930.6,201902
feb,2019,feb/2019,CENTRO,12036,13207.1,25243.1,201902
feb,2019,feb/2019,CERRO,3233,2405.2,5638.2,201902
feb,2019,feb/2019,EMILIO M. GONZALEZ,0,0,0,201902
feb,2019,feb/2019,GUAYABAL,0,0,0,201902
feb,2019,feb/2019,LA LADRILLERA,103,545.3,648.3,201902
feb,2019,feb/2019,LA REDONDA,2190,7327.3,9517.3,201902
feb,2019,feb/2019,LINDAVISTA,258,3188.6,3446.6,201902
feb,2019,feb/2019,RASTRO,2887,5082.28,7969.28,201902
feb,2019,feb/2019,REY NAYAR,2389,3891.4,6280.4,201902
feb,2019,feb/2019,SAN ANTONIO,2593,10964.4,13557.4,201902
feb,2019,feb/2019,TALPITA,3865,6265.5,10130.5,201902
feb,2019,feb/2019,TIJUANITA,5400,4262,9662,201902
feb,2019,feb/2019,TIRO AL BLANCO,750,1036,1786,201902
feb,2019,feb/2019,UNIDAD DEPORTIVA,648,3681.9,4329.9,201902
mar,2019,mar/2019,ACHOTA,5376,7077,12453,201903
mar,2019,mar/2019,BENITO JUAREZ,630,836,1466,201903
mar,2019,mar/2019,CAPOMAL,595,80,675,201903
mar,2019,mar/2019,CENTRO,5712,8219.1,13931.1,201903
mar,2019,mar/2019,CERRO,2548,6050.5,8598.5,201903
mar,2019,mar/2019,EMILIO M. GONZALEZ,0,0,0,201903
mar,2019,mar/2019,GUAYABAL,40,536,576,201903
mar,2019,mar/2019,LA LADRILLERA,40,0,40,201903
mar,2019,mar/2019,LA REDONDA,2417,706,3123,201903
mar,2019,mar/2019,LINDAVISTA,270,3559.1,3829.1,201903
mar,2019,mar/2019,RASTRO,745,356,1101,201903
mar,2019,mar/2019,REY NAYAR,2283,1126.5,3409.5,201903
mar,2019,mar/2019,SAN ANTONIO,4000,3911.9,7911.9,201903
mar,2019,mar/2019,TALPITA,3443,4200,7643,201903
mar,2019,mar/2019,TIJUANITA,3920,4781.3,8701.3,201903
mar,2019,mar/2019,TIRO AL BLANCO,590,501,1091,201903
mar,2019,mar/2019,UNIDAD DEPORTIVA,178,470,648,201903
abr,2019,abr/2019,ACHOTA,1370,6508.6,7878.6,201904
abr,2019,abr/2019,BENITO JUAREZ,195,669.7,864.7,201904
abr,2019,abr/2019,CAPOMAL,183,1064,1247,201904
abr,2019,abr/2019,CENTRO,6831,14473.8,21304.8,201904
abr,2019,abr/2019,CERRO,2708,10038.7,12746.7,201904
abr,2019,abr/2019,EMILIO M. GONZALEZ,40,418.8,458.8,201904
abr,2019,abr/2019,GUAYABAL,0,0,0,201904
abr,2019,abr/2019,LA LADRILLERA,126,3134.4,3260.4,201904
abr,2019,abr/2019,LA REDONDA,1197,1817.7,3014.7,201904
abr,2019,abr/2019,LINDAVISTA,775,544,1319,201904
abr,2019,abr/2019,RASTRO,990,372,1362,201904
abr,2019,abr/2019,REY NAYAR,1846,8931.8,10777.8,201904
abr,2019,abr/2019,SAN ANTONIO,1018,2703.4,3721.4,201904
abr,2019,abr/2019,TALPITA,1081,3652.7,4733.7,201904
abr,2019,abr/2019,TIJUANITA,1895,9288.1,11183.1,201904
abr,2019,abr/2019,TIRO AL BLANCO,195,4699.1,4894.1,201904
abr,2019,abr/2019,UNIDAD DEPORTIVA,281,592,873,201904
may,2019,may/2019,ACHOTA,2217,6226.7,8443.7,201905
may,2019,may/2019,BENITO JUAREZ,40,200,240,201905
may,2019,may/2019,CAPOMAL,126,612,738,201905
may,2019,may/2019,CENTRO,7431,43366.4,50797.4,201905
may,2019,may/2019,CERRO,3736,4280.7,8016.7,201905
may,2019,may/2019,EMILIO M. GONZALEZ,0,0,0,201905
may,2019,may/2019,GUAYABAL,0,0,0,201905
may,2019,may/2019,LA LADRILLERA,80,618,698,201905
may,2019,may/2019,LA REDONDA,860,4495.8,5355.8,201905
may,2019,may/2019,LINDAVISTA,395,2965.6,3360.6,201905
may,2019,may/2019,RASTRO,253,1515,1768,201905
may,2019,may/2019,REY NAYAR,1430,947,2377,201905
may,2019,may/2019,SAN ANTONIO,345,9630.2,9975.2,201905
may,2019,may/2019,TALPITA,1729,5125.6,6854.6,201905
may,2019,may/2019,TIJUANITA,2045,5366.4,7411.4,201905
may,2019,may/2019,TIRO AL BLANCO,265,387,652,201905
may,2019,may/2019,UNIDAD DEPORTIVA,304,2143,2447,201905
jun,2019,jun/2019,ACHOTA,2131,4458.6,6589.6,201906
jun,2019,jun/2019,BENITO JUAREZ,40,1624.4,1664.4,201906
jun,2019,jun/2019,CAPOMAL,1771,3321.2,5092.2,201906
jun,2019,jun/2019,CENTRO,5890,22128.3,28018.3,201906
jun,2019,jun/2019,CERRO,2899,3784.8,6683.8,201906
jun,2019,jun/2019,EMILIO M. GONZALEZ,0,0,0,201906
jun,2019,jun/2019,GUAYABAL,0,1085,1085,201906
jun,2019,jun/2019,LA LADRILLERA,103,301.2,404.2,201906
jun,2019,jun/2019,LA REDONDA,1282,2622.7,3904.7,201906
jun,2019,jun/2019,LINDAVISTA,420,7935.8,8355.8,201906
jun,2019,jun/2019,RASTRO,441,1098,1539,201906
jun,2019,jun/2019,REY NAYAR,430,6945.6,7375.6,201906
jun,2019,jun/2019,SAN ANTONIO,755,1325,2080,201906
jun,2019,jun/2019,TALPITA,989,2963.7,3952.7,201906
jun,2019,jun/2019,TIJUANITA,1485,7588.3,9073.3,201906
jun,2019,jun/2019,TIRO AL BLANCO,481,976,1457,201906
jun,2019,jun/2019,UNIDAD DEPORTIVA,293,1638,1931,201906
jul,2019,jul/2019,ACHOTA,1279,24825.2,26104.2,201907
jul,2019,jul/2019,BENITO JUAREZ,155,1863.5,2018.5,201907
jul,2019,jul/2019,CAPOMAL,75,340,415,201907
jul,2019,jul/2019,CENTRO,3940,18650.1,22590.1,201907
jul,2019,jul/2019,CERRO,1439,30172.4,31611.4,201907
jul,2019,jul/2019,EMILIO M. GONZALEZ,40,392,432,201907
jul,2019,jul/2019,GUAYABAL,0,0,0,201907
jul,2019,jul/2019,LA LADRILLERA,115,1530.8,1645.8,201907
jul,2019,jul/2019,LA REDONDA,994,1071,2065,201907
jul,2019,jul/2019,LINDAVISTA,270,4116.45,4386.45,201907
jul,2019,jul/2019,RASTRO,430,4744,5174,201907
jul,2019,jul/2019,REY NAYAR,1685,19689.3,21374.3,201907
jul,2019,jul/2019,SAN ANTONIO,258,868,1126,201907
jul,2019,jul/2019,TALPITA,533,9591.7,10124.7,201907
jul,2019,jul/2019,TIJUANITA,1705,28006.8,29711.8,201907
jul,2019,jul/2019,TIRO AL BLANCO,115,910.9,1025.9,201907
jul,2019,jul/2019,UNIDAD DEPORTIVA,201,1428,1629,201907
ago,2019,ago/2019,ACHOTA,758,9336,10094,201908
ago,2019,ago/2019,BENITO JUAREZ,40,326.4,366.4,201908
ago,2019,ago/2019,CAPOMAL,276,4218.4,4494.4,201908
ago,2019,ago/2019,CENTRO,2327,9090.4,11417.4,201908
ago,2019,ago/2019,CERRO,521,4984.2,5505.2,201908
ago,2019,ago/2019,EMILIO M. GONZALEZ,0,0,0,201908
ago,2019,ago/2019,GUAYABAL,0,0,0,201908
ago,2019,ago/2019,LA LADRILLERA,218,8049,8267,201908
ago,2019,ago/2019,LA REDONDA,321,4374.6,4695.6,201908
ago,2019,ago/2019,LINDAVISTA,150,4897.6,5047.6,201908
ago,2019,ago/2019,RASTRO,0,572.5,572.5,201908
ago,2019,ago/2019,REY NAYAR,1007,24008.9,25015.9,201908
ago,2019,ago/2019,SAN ANTONIO,505,5820.4,6325.4,201908
ago,2019,ago/2019,TALPITA,2045,13921,15966,201908
ago,2019,ago/2019,TIJUANITA,1760,10507.6,12267.6,201908
ago,2019,ago/2019,TIRO AL BLANCO,528,4246.5,4774.5,201908
ago,2019,ago/2019,UNIDAD DEPORTIVA,419,4903.8,5322.8,201908
sep,2019,sep/2019,ACHOTA,1027,2373,3400,201909
sep,2019,sep/2019,BENITO JUAREZ,300,600,900,201909
sep,2019,sep/2019,CAPOMAL,0,40,40,201909
sep,2019,sep/2019,CENTRO,3687,8006.8,11693.8,201909
sep,2019,sep/2019,CERRO,366,5282.7,5648.7,201909
sep,2019,sep/2019,EMILIO M. GONZALEZ,40,1145,1185,201909
sep,2019,sep/2019,GUAYABAL,0,0,0,201909
sep,2019,sep/2019,LA LADRILLERA,40,0,40,201909
sep,2019,sep/2019,LA REDONDA,0,721.8,721.8,201909
sep,2019,sep/2019,LINDAVISTA,327,654,981,201909
sep,2019,sep/2019,RASTRO,368,15637.4,16005.4,201909
sep,2019,sep/2019,REY NAYAR,75,275,350,201909
sep,2019,sep/2019,SAN ANTONIO,320,680,1000,201909
sep,2019,sep/2019,TALPITA,178,4362.5,4540.5,201909
sep,2019,sep/2019,TIJUANITA,695,2930,3625,201909
sep,2019,sep/2019,TIRO AL BLANCO,75,675,750,201909
sep,2019,sep/2019,UNIDAD DEPORTIVA,201,213,414,201909
oct,2019,oct/2019,ACHOTA,563,3602,4165,201910
oct,2019,oct/2019,BENITO JUAREZ,534,2902,3436,201910
oct,2019,oct/2019,CAPOMAL,40,316,356,201910
oct,2019,oct/2019,CENTRO,1754,5132,6886,201910
oct,2019,oct/2019,CERRO,590,3344.2,3934.2,201910
oct,2019,oct/2019,EMILIO M. GONZALEZ,0,0,0,201910
oct,2019,oct/2019,GUAYABAL,0,0,0,201910
oct,2019,oct/2019,LA LADRILLERA,103,63,166,201910
oct,2019,oct/2019,LA REDONDA,126,927,1053,201910
oct,2019,oct/2019,LINDAVISTA,345,425,770,201910
oct,2019,oct/2019,RASTRO,189,3277.8,3466.8,201910
oct,2019,oct/2019,REY NAYAR,972,4608.2,5580.2,201910
oct,2019,oct/2019,SAN ANTONIO,155,5317.4,5472.4,201910
oct,2019,oct/2019,TALPITA,40,398,438,201910
oct,2019,oct/2019,TIJUANITA,970,2386,3356,201910
oct,2019,oct/2019,TIRO AL BLANCO,265,1542,1807,201910
oct,2019,oct/2019,UNIDAD DEPORTIVA,229,211,440,201910
nov,2019,nov/2019,ACHOTA,700,5561.8,6261.8,201911
nov,2019,nov/2019,BENITO JUAREZ,40,800,840,201911
nov,2019,nov/2019,CAPOMAL,115,2101.9,2216.9,201911
nov,2019,nov/2019,CENTRO,3841,22202.5,26043.5,201911
nov,2019,nov/2019,CERRO,561,1720.3,2281.3,201911
nov,2019,nov/2019,EMILIO M. GONZALEZ,0,0,0,201911
nov,2019,nov/2019,GUAYABAL,0,0,0,201911
nov,2019,nov/2019,LA LADRILLERA,115,225,340,201911
nov,2019,nov/2019,LA REDONDA,298,3301.8,3599.8,201911
nov,2019,nov/2019,LINDAVISTA,120,200,320,201911
nov,2019,nov/2019,RASTRO,138,1514.6,1652.6,201911
nov,2019,nov/2019,REY NAYAR,757,3289,4046,201911
nov,2019,nov/2019,SAN ANTONIO,286,1818.7,2104.7,201911
nov,2019,nov/2019,TALPITA,143,378,521,201911
nov,2019,nov/2019,TIJUANITA,1065,13292,14357,201911
nov,2019,nov/2019,TIRO AL BLANCO,591,3105.8,3696.8,201911
nov,2019,nov/2019,UNIDAD DEPORTIVA,0,165,165,201911
dic,2019,dic/2019,ACHOTA,5490,107567.7,113057.7,201912
dic,2019,dic/2019,BENITO JUAREZ,1365,33789.4,35154.4,201912
dic,2019,dic/2019,CAPOMAL,645,17308.8,17953.8,201912
dic,2019,dic/2019,CENTRO,17187,275411.3,292598.3,201912
dic,2019,dic/2019,CERRO,5574,123143.9,128717.9,201912
dic,2019,dic/2019,EMILIO M. GONZALEZ,368,6768,7136,201912
dic,2019,dic/2019,GUAYABAL,190,8322.4,8512.4,201912
dic,2019,dic/2019,LA LADRILLERA,1184,20423.5,21607.5,201912
dic,2019,dic/2019,LA REDONDA,3196,72892.1,76088.1,201912
dic,2019,dic/2019,LINDAVISTA,2506,49347.2,51853.2,201912
dic,2019,dic/2019,RASTRO,2217,57554.4,59771.4,201912
dic,2019,dic/2019,REY NAYAR,4209,91083.3,95292.3,201912
dic,2019,dic/2019,SAN ANTONIO,1865,38455,40320,201912
dic,2019,dic/2019,TALPITA,3254,59210.5,62464.5,201912
dic,2019,dic/2019,TIJUANITA,8043,137267.9,145310.9,201912
dic,2019,dic/2019,TIRO AL BLANCO,1796,32831.7,34627.7,201912
dic,2019,dic/2019,UNIDAD DEPORTIVA,1305,16097,17402,201912
ene,2020,ene/2020,ACHOTA,27819,34948.4,62767.4,202001
ene,2020,ene/2020,BENITO JUAREZ,3603,10819.3,14422.3,202001
ene,2020,ene/2020,CAPOMAL,1954,15157.8,17111.8,202001
ene,2020,ene/2020,CENTRO,98466,89423.5,187889.5,202001
ene,2020,ene/2020,CERRO,24364,36748.25,61112.25,202001
ene,2020,ene/2020,EMILIO M. GONZALEZ,2909,4088.5,6997.5,202001
ene,2020,ene/2020,GUAYABAL,0,4549.7,4549.7,202001
ene,2020,ene/2020,LA LADRILLERA,2458,6150.4,8608.4,202001
ene,2020,ene/2020,LA REDONDA,11697,35484.9,47181.9,202001
ene,2020,ene/2020,LINDAVISTA,7355,13589.5,20944.5,202001
ene,2020,ene/2020,RASTRO,9228,15156.3,24384.3,202001
ene,2020,ene/2020,REY NAYAR,15739,45880.7,61619.7,202001
ene,2020,ene/2020,SAN ANTONIO,8464,30916.6,39380.6,202001
ene,2020,ene/2020,TALPITA,22401,40880.15,63281.15,202001
ene,2020,ene/2020,TIJUANITA,15340,22776.3,38116.3,202001
ene,2020,ene/2020,TIRO AL BLANCO,6336,6744,13080,202001
ene,2020,ene/2020,UNIDAD DEPORTIVA,3078,3845.3,6923.3,202001
feb,2020,feb/2020,ACHOTA,4306,13288.7,17594.7,202002
feb,2020,feb/2020,BENITO JUAREZ,1020,483,1503,202002
feb,2020,feb/2020,CAPOMAL,862,3776.8,4638.8,202002
feb,2020,feb/2020,CENTRO,18139,11520.4,29659.4,202002
feb,2020,feb/2020,CERRO,5346,9429.6,14775.6,202002
feb,2020,feb/2020,EMILIO M. GONZALEZ,1248,347,1595,202002
feb,2020,feb/2020,GUAYABAL,0,192.6,192.6,202002
feb,2020,feb/2020,LA LADRILLERA,147,12336.8,12483.8,202002
feb,2020,feb/2020,LA REDONDA,4396,3827.2,8223.2,202002
feb,2020,feb/2020,LINDAVISTA,1455,3605,5060,202002
feb,2020,feb/2020,RASTRO,1158,7511.8,8669.8,202002
feb,2020,feb/2020,REY NAYAR,3085,1466,4551,202002
feb,2020,feb/2020,SAN ANTONIO,2362,2487.6,4849.6,202002
feb,2020,feb/2020,TALPITA,10036,15826.4,25862.4,202002
feb,2020,feb/2020,TIJUANITA,7021,6628.6,13649.6,202002
feb,2020,feb/2020,TIRO AL BLANCO,195,5864.4,6059.4,202002
feb,2020,feb/2020,UNIDAD DEPORTIVA,171,389.4,560.4,202002
mar,2020,mar/2020,ACHOTA,5256,9560.1,14816.1,202003
mar,2020,mar/2020,BENITO JUAREZ,492,1346,1838,202003
mar,2020,mar/2020,CAPOMAL,492,123,615,202003
mar,2020,mar/2020,CENTRO,6299,41422.7,47721.7,202003
mar,2020,mar/2020,CERRO,2287,18349.6,20636.6,202003
mar,2020,mar/2020,EMILIO M. GONZALEZ,0,0,0,202003
mar,2020,mar/2020,GUAYABAL,0,0,0,202003
mar,2020,mar/2020,LA LADRILLERA,159,3100.8,3259.8,202003
mar,2020,mar/2020,LA REDONDA,797,4826.4,5623.4,202003
mar,2020,mar/2020,LINDAVISTA,241,3459.4,3700.4,202003
mar,2020,mar/2020,RASTRO,975,2539.5,3514.5,202003
mar,2020,mar/2020,REY NAYAR,2264,6740.9,9004.9,202003
mar,2020,mar/2020,SAN ANTONIO,1339,2596,3935,202003
mar,2020,mar/2020,TALPITA,1415,5978.8,7393.8,202003
mar,2020,mar/2020,TIJUANITA,4611,8302.1,12913.1,202003
mar,2020,mar/2020,TIRO AL BLANCO,1373,5406.3,6779.3,202003
mar,2020,mar/2020,UNIDAD DEPORTIVA,1375,1388.3,2763.3,202003
abr,2020,abr/2020,ACHOTA,1525,3581.2,5106.2,202004
abr,2020,abr/2020,BENITO JUAREZ,0,1761,1761,202004
abr,2020,abr/2020,CAPOMAL,41,1372.3,1413.3,202004
abr,2020,abr/2020,CENTRO,2420,10684.3,13104.3,202004
abr,2020,abr/2020,CERRO,974,2295.8,3269.8,202004
abr,2020,abr/2020,EMILIO M. GONZALEZ,0,0,0,202004
abr,2020,abr/2020,GUAYABAL,0,0,0,202004
abr,2020,abr/2020,LA LADRILLERA,65,310,375,202004
abr,2020,abr/2020,LA REDONDA,41,1384.4,1425.4,202004
abr,2020,abr/2020,LINDAVISTA,0,0,0,202004
abr,2020,abr/2020,RASTRO,260,1341,1601,202004
abr,2020,abr/2020,REY NAYAR,626,440,1066,202004
abr,2020,abr/2020,SAN ANTONIO,693,231,924,202004
abr,2020,abr/2020,TALPITA,779,566,1345,202004
abr,2020,abr/2020,TIJUANITA,846,2403.8,3249.8,202004
abr,2020,abr/2020,TIRO AL BLANCO,154,231,385,202004
abr,2020,abr/2020,UNIDAD DEPORTIVA,195,108,303,202004
may,2020,may/2020,ACHOTA,458,182.4,640.4,202005
may,2020,may/2020,BENITO JUAREZ,0,0,0,202005
may,2020,may/2020,CAPOMAL,41,0,41,202005
may,2020,may/2020,CENTRO,1898,1842,3740,202005
may,2020,may/2020,CERRO,992,2158,3150,202005
may,2020,may/2020,EMILIO M. GONZALEZ,0,0,0,202005
may,2020,may/2020,GUAYABAL,0,0,0,202005
may,2020,may/2020,LA LADRILLERA,41,1092.2,1133.2,202005
may,2020,may/2020,LA REDONDA,650,496,1146,202005
may,2020,may/2020,LINDAVISTA,354,449.4,803.4,202005
may,2020,may/2020,RASTRO,0,0,0,202005
may,2020,may/2020,REY NAYAR,860,224,1084,202005
may,2020,may/2020,SAN ANTONIO,354,944,1298,202005
may,2020,may/2020,TALPITA,390,481.6,871.6,202005
may,2020,may/2020,TIJUANITA,467,1142.8,1609.8,202005
may,2020,may/2020,TIRO AL BLANCO,308,308,616,202005
may,2020,may/2020,UNIDAD DEPORTIVA,183,2254.3,2437.3,202005
jun,2020,jun/2020,ACHOTA,629,6922.5,7551.5,202006
jun,2020,jun/2020,BENITO JUAREZ,142,568,710,202006
jun,2020,jun/2020,CAPOMAL,123,605,728,202006
jun,2020,jun/2020,CENTRO,3078,11802.7,14880.7,202006
jun,2020,jun/2020,CERRO,1178,4243.1,5421.1,202006
jun,2020,jun/2020,EMILIO M. GONZALEZ,41,82,123,202006
jun,2020,jun/2020,GUAYABAL,0,0,0,202006
jun,2020,jun/2020,LA LADRILLERA,106,65,171,202006
jun,2020,jun/2020,LA REDONDA,393,3243.8,3636.8,202006
jun,2020,jun/2020,LINDAVISTA,597,4259.4,4856.4,202006
jun,2020,jun/2020,RASTRO,727,3278,4005,202006
jun,2020,jun/2020,REY NAYAR,1519,9659.8,11178.8,202006
jun,2020,jun/2020,SAN ANTONIO,814,780,1594,202006
jun,2020,jun/2020,TALPITA,614,1871,2485,202006
jun,2020,jun/2020,TIJUANITA,2052,3318,5370,202006
jun,2020,jun/2020,TIRO AL BLANCO,482,1389.4,1871.4,202006
jun,2020,jun/2020,UNIDAD DEPORTIVA,260,695.4,955.4,202006
jul,2020,jul/2020,ACHOTA,1587,3959,5546,202007
jul,2020,jul/2020,BENITO JUAREZ,195,714,909,202007
jul,2020,jul/2020,CAPOMAL,82,82,164,202007
jul,2020,jul/2020,CENTRO,3930,46107.1,50037.1,202007
jul,2020,jul/2020,CERRO,932,4071.5,5003.5,202007
jul,2020,jul/2020,EMILIO M. GONZALEZ,246,246,492,202007
jul,2020,jul/2020,GUAYABAL,0,296.6,296.6,202007
jul,2020,jul/2020,LA LADRILLERA,246,246,492,202007
jul,2020,jul/2020,LA REDONDA,744,2249,2993,202007
jul,2020,jul/2020,LINDAVISTA,503,477,980,202007
jul,2020,jul/2020,RASTRO,106,376,482,202007
jul,2020,jul/2020,REY NAYAR,1307,4737,6044,202007
jul,2020,jul/2020,SAN ANTONIO,5487,34849.3,40336.3,202007
jul,2020,jul/2020,TALPITA,1173,564,1737,202007
jul,2020,jul/2020,TIJUANITA,1898,15105.9,17003.9,202007
jul,2020,jul/2020,TIRO AL BLANCO,698,3973.6,4671.6,202007
jul,2020,jul/2020,UNIDAD DEPORTIVA,956,2211.8,3167.8,202007
ago,2020,ago/2020,ACHOTA,2555,23547.6,26102.6,202008
ago,2020,ago/2020,BENITO JUAREZ,405,7500.4,7905.4,202008
ago,2020,ago/2020,CAPOMAL,465,6096,6561,202008
ago,2020,ago/2020,CENTRO,6970.72,45840.87,52811.59,202008
ago,2020,ago/2020,CERRO,4077,55388.4,59465.4,202008
ago,2020,ago/2020,EMILIO M. GONZALEZ,77,2291,2368,202008
ago,2020,ago/2020,GUAYABAL,118,4663.5,4781.5,202008
ago,2020,ago/2020,LA LADRILLERA,732,5348.8,6080.8,202008
ago,2020,ago/2020,LA REDONDA,1204,25227.2,26431.2,202008
ago,2020,ago/2020,LINDAVISTA,1112,9312.6,10424.6,202008
ago,2020,ago/2020,RASTRO,1873,8739,10612,202008
ago,2020,ago/2020,REY NAYAR,2151,15974.8,18125.8,202008
ago,2020,ago/2020,SAN ANTONIO,1854,29228.1,31082.1,202008
ago,2020,ago/2020,TALPITA,3490,14636.4,18126.4,202008
ago,2020,ago/2020,TIJUANITA,8960,82700,91660,202008
ago,2020,ago/2020,TIRO AL BLANCO,544,7303.6,7847.6,202008
ago,2020,ago/2020,UNIDAD DEPORTIVA,313,751,1064,202008
sep,2020,sep/2020,ACHOTA,472,8177.5,8649.5,202009
sep,2020,sep/2020,BENITO JUAREZ,718,3459.6,4177.6,202009
sep,2020,sep/2020,CAPOMAL,41,0,41,202009
sep,2020,sep/2020,CENTRO,2295,21082.15,23377.15,202009
sep,2020,sep/2020,CERRO,838,12735.8,13573.8,202009
sep,2020,sep/2020,EMILIO M. GONZALEZ,0,0,0,202009
sep,2020,sep/2020,GUAYABAL,77,2291,2368,202009
sep,2020,sep/2020,LA LADRILLERA,0,190,190,202009
sep,2020,sep/2020,LA REDONDA,862,9240.8,10102.8,202009
sep,2020,sep/2020,LINDAVISTA,265,7502.8,7767.8,202009
sep,2020,sep/2020,RASTRO,414,5767.6,6181.6,202009
sep,2020,sep/2020,REY NAYAR,1223,12987.9,14210.9,202009
sep,2020,sep/2020,SAN ANTONIO,759,34559.2,35318.2,202009
sep,2020,sep/2020,TALPITA,460,7023.3,7483.3,202009
sep,2020,sep/2020,TIJUANITA,1795,19824.2,21619.2,202009
sep,2020,sep/2020,TIRO AL BLANCO,195,2628.8,2823.8,202009
sep,2020,sep/2020,UNIDAD DEPORTIVA,903,5853.6,6756.6,202009
oct,2020,oct/2020,ACHOTA,419,2278.6,2697.6,202010
oct,2020,oct/2020,BENITO JUAREZ,205,451,656,202010
oct,2020,oct/2020,CAPOMAL,241,1062,1303,202010
oct,2020,oct/2020,CENTRO,2673,4071.35,6744.35,202010
oct,2020,oct/2020,CERRO,898,3514.2,4412.2,202010
oct,2020,oct/2020,EMILIO M. GONZALEZ,0,0,0,202010
oct,2020,oct/2020,GUAYABAL,0,0,0,202010
oct,2020,oct/2020,LA LADRILLERA,65,65,130,202010
oct,2020,oct/2020,LA REDONDA,477,1805,2282,202010
oct,2020,oct/2020,LINDAVISTA,667,2723.8,3390.8,202010
oct,2020,oct/2020,RASTRO,306,1623,1929,202010
oct,2020,oct/2020,REY NAYAR,691,585,1276,202010
oct,2020,oct/2020,SAN ANTONIO,728,4851.7,5579.7,202010
oct,2020,oct/2020,TALPITA,282,2445.6,2727.6,202010
oct,2020,oct/2020,TIJUANITA,928,3726,4654,202010
oct,2020,oct/2020,TIRO AL BLANCO,154,77,231,202010
oct,2020,oct/2020,UNIDAD DEPORTIVA,496,204,700,202010
nov,2020,nov/2020,ACHOTA,889,7713.1,8602.1,202011
nov,2020,nov/2020,BENITO JUAREZ,431,1661,2092,202011
nov,2020,nov/2020,CAPOMAL,164,410,574,202011
nov,2020,nov/2020,CENTRO,2093,54165.4,56258.4,202011
nov,2020,nov/2020,CERRO,858,7018.35,7876.35,202011
nov,2020,nov/2020,EMILIO M. GONZALEZ,0,0,0,202011
nov,2020,nov/2020,GUAYABAL,0,0,0,202011
nov,2020,nov/2020,LA LADRILLERA,0,0,0,202011
nov,2020,nov/2020,LA REDONDA,448,3377.7,3825.7,202011
nov,2020,nov/2020,LINDAVISTA,200,1363,1563,202011
nov,2020,nov/2020,RASTRO,260,455,715,202011
nov,2020,nov/2020,REY NAYAR,530,1144,1674,202011
nov,2020,nov/2020,SAN ANTONIO,441,10577,11018,202011
nov,2020,nov/2020,TALPITA,354,5950.05,6304.05,202011
nov,2020,nov/2020,TIJUANITA,1492,8063.7,9555.7,202011
nov,2020,nov/2020,TIRO AL BLANCO,313,763,1076,202011
nov,2020,nov/2020,UNIDAD DEPORTIVA,130,3998,4128,202011
dic,2020,dic/2020,ACHOTA,2155,22698,24853,202012
dic,2020,dic/2020,BENITO JUAREZ,385,9365.7,9750.7,202012
dic,2020,dic/2020,CAPOMAL,219,2833.9,3052.9,202012
dic,2020,dic/2020,CENTRO,9260,104740.4,114000.4,202012
dic,2020,dic/2020,CERRO,2367,36543,38910,202012
dic,2020,dic/2020,EMILIO M. GONZALEZ,77,847,924,202012
dic,2020,dic/2020,GUAYABAL,154,6244.7,6398.7,202012
dic,2020,dic/2020,LA LADRILLERA,821,13643.4,14464.4,202012
dic,2020,dic/2020,LA REDONDA,1327,18236,19563,202012
dic,2020,dic/2020,LINDAVISTA,703,8869,9572,202012
dic,2020,dic/2020,RASTRO,597,8686,9283,202012
dic,2020,dic/2020,REY NAYAR,2483,28756.6,31239.6,202012
dic,2020,dic/2020,SAN ANTONIO,768,9920.8,10688.8,202012
dic,2020,dic/2020,TALPITA,1009,14310.4,15319.4,202012
dic,2020,dic/2020,TIJUANITA,5019,46072.9,51091.9,202012
dic,2020,dic/2020,TIRO AL BLANCO,621,4862.4,5483.4,202012
dic,2020,dic/2020,UNIDAD DEPORTIVA,431,1933,2364,202012
